Prov,Road,Timestamp,Count,Min_PK,Max_PK,Bracket
A Coruña,AC-10,2026-01-17T10:00:00Z,1,1.458,1.458,06:00-12:00
A Coruña,A-6,2026-01-17T11:00:00Z,1,580.432,580.432,06:00-12:00
A Coruña,AC-552,2026-01-17T12:00:00Z,2,25.238,25.351,12:00-18:00
A Coruña,AC-10,2026-01-17T13:00:00Z,1,1.522,1.522,12:00-18:00
A Coruña,AC-012,2026-01-17T19:00:00Z,1,2.912,2.912,18:00-00:00
A Coruña,AP-9F,2026-01-17T20:00:00Z,6,0.658,31.919,18:00-00:00
A Coruña,N-550,2026-01-17T21:00:00Z,4,6.966,83.606,18:00-00:00
A Coruña,AC-11,2026-01-17T22:00:00Z,1,3.307,3.307,18:00-00:00
A Coruña,AG-64,2026-01-17T23:00:00Z,2,9.22,9.223,18:00-00:00
A Coruña,AC-10,2026-01-18T00:00:00Z,1,1.525,1.525,00:00-06:00
A Coruña,DP-0812,2026-01-18T01:00:00Z,1,0.427,0.427,00:00-06:00
A Coruña,VG-1.3,2026-01-18T02:00:00Z,2,0.345,4.79,00:00-06:00
A Coruña,DP-1105,2026-01-18T03:00:00Z,2,7.696,11.116,00:00-06:00
A Coruña,N-550,2026-01-18T04:00:00Z,2,11.478,67.272,00:00-06:00
A Coruña,N-550,2026-01-18T05:00:00Z,3,67.148,83.599,00:00-06:00
A Coruña,DP-6110,2026-01-18T07:00:00Z,1,0.033,0.033,06:00-12:00
A Coruña,AC-12,2026-01-18T08:00:00Z,2,7.489,8.057,06:00-12:00
A Coruña,AC-841,2026-01-18T09:00:00Z,3,2.111,3.758,06:00-12:00
A Coruña,A-6,2026-01-18T10:00:00Z,3,555.226,580.026,06:00-12:00
A Coruña,A-6,2026-01-18T11:00:00Z,3,557.74,592.914,06:00-12:00
A Coruña,AC-862,2026-01-18T12:00:00Z,3,0.062,40.988,12:00-18:00
A Coruña,AC-133,2026-01-18T16:00:00Z,1,0.043,0.043,12:00-18:00
A Coruña,AC-122,2026-01-18T17:00:00Z,1,3.569,3.569,12:00-18:00
Alacant/Alicante,N-332,2026-01-17T10:00:00Z,3,107.432,119.277,06:00-12:00
Alacant/Alicante,A-31,2026-01-17T11:00:00Z,2,234.081,239.061,06:00-12:00
Alacant/Alicante,AP-7,2026-01-17T12:00:00Z,1,752.773,752.773,12:00-18:00
Alacant/Alicante,A-79,2026-01-17T13:00:00Z,1,0.231,0.231,12:00-18:00
Alacant/Alicante,A-70,2026-01-17T19:00:00Z,1,21.53,21.53,18:00-00:00
Alacant/Alicante,CV-81,2026-01-17T20:00:00Z,3,43.597,56.974,18:00-00:00
Alacant/Alicante,A-31,2026-01-17T21:00:00Z,2,206.698,211.81,18:00-00:00
Alacant/Alicante,A-7,2026-01-17T22:00:00Z,3,458.929,479.356,18:00-00:00
Alacant/Alicante,A-7,2026-01-17T23:00:00Z,5,458.245,489.27,18:00-00:00
Alacant/Alicante,A-31,2026-01-18T00:00:00Z,1,220.997,220.997,00:00-06:00
Alacant/Alicante,A-7,2026-01-18T01:00:00Z,2,460.882,467.014,00:00-06:00
Alacant/Alicante,A-31,2026-01-18T02:00:00Z,2,218.814,236.159,00:00-06:00
Alacant/Alicante,A-79,2026-01-18T03:00:00Z,1,1.19,1.19,00:00-06:00
Alacant/Alicante,A-70,2026-01-18T04:00:00Z,1,0.398,0.398,00:00-06:00
Alacant/Alicante,CV-921,2026-01-18T05:00:00Z,1,0.007,0.007,00:00-06:00
Alacant/Alicante,N-332,2026-01-18T06:00:00Z,3,59.376,67.735,06:00-12:00
Alacant/Alicante,N-332a,2026-01-18T07:00:00Z,2,138.14,138.443,06:00-12:00
Alacant/Alicante,N-332,2026-01-18T08:00:00Z,8,113.721,198.81,06:00-12:00
Alacant/Alicante,AP-7,2026-01-18T09:00:00Z,11,652.962,701.081,06:00-12:00
Alacant/Alicante,AP-7,2026-01-18T10:00:00Z,5,602.537,671.86,06:00-12:00
Alacant/Alicante,N-332,2026-01-18T11:00:00Z,6,107.457,197.714,06:00-12:00
Alacant/Alicante,N-332,2026-01-18T12:00:00Z,7,54.564,158.12,12:00-18:00
Alacant/Alicante,A-31,2026-01-18T16:00:00Z,3,203.436,213.015,12:00-18:00
Alacant/Alicante,AP-7,2026-01-18T17:00:00Z,2,676.183,676.864,12:00-18:00
Albacete,AB-201,2026-01-17T10:00:00Z,1,0.348,0.348,06:00-12:00
Albacete,A-30,2026-01-17T11:00:00Z,1,43.762,43.762,06:00-12:00
Albacete,CM-3217,2026-01-17T12:00:00Z,2,17.983,20.372,12:00-18:00
Albacete,AB-503,2026-01-17T19:00:00Z,1,5.519,5.519,18:00-00:00
Albacete,CM-3203,2026-01-17T20:00:00Z,6,60.275,80.9,18:00-00:00
Albacete,CM-3203,2026-01-17T21:00:00Z,1,57.094,57.094,18:00-00:00
Albacete,A-31,2026-01-18T00:00:00Z,1,126.496,126.496,00:00-06:00
Albacete,A-30,2026-01-18T01:00:00Z,2,68.682,69.039,00:00-06:00
Albacete,N-344,2026-01-18T03:00:00Z,1,113.388,113.388,00:00-06:00
Albacete,CM-412,2026-01-18T04:00:00Z,1,273.232,273.232,00:00-06:00
Albacete,CM-3225,2026-01-18T05:00:00Z,1,12.462,12.462,00:00-06:00
Albacete,CM-3225,2026-01-18T06:00:00Z,1,12.517,12.517,06:00-12:00
Albacete,N-430a,2026-01-18T08:00:00Z,1,587.096,587.096,06:00-12:00
Albacete,CM-3218,2026-01-18T09:00:00Z,1,17.916,17.916,06:00-12:00
Albacete,A-31,2026-01-18T10:00:00Z,2,33.63,91.501,06:00-12:00
Albacete,A-31,2026-01-18T11:00:00Z,4,44.093,64.272,06:00-12:00
Albacete,N-322,2026-01-18T12:00:00Z,4,304.961,325.251,12:00-18:00
Albacete,A-31,2026-01-18T17:00:00Z,1,38.832,38.832,12:00-18:00
Almería,A-1207,2026-01-17T11:00:00Z,2,0.258,1.138,06:00-12:00
Almería,A-1207,2026-01-17T12:00:00Z,1,0.26,0.26,12:00-18:00
Almería,A-334,2026-01-17T13:00:00Z,1,37.039,37.039,12:00-18:00
Almería,N-344a,2026-01-17T19:00:00Z,1,6.859,6.859,18:00-00:00
Almería,A-1050,2026-01-17T20:00:00Z,3,0.124,2.541,18:00-00:00
Almería,AL-6403,2026-01-17T21:00:00Z,1,1.474,1.474,18:00-00:00
Almería,A-7,2026-01-17T22:00:00Z,3,773.19,817.079,18:00-00:00
Almería,A-334,2026-01-17T23:00:00Z,1,74.737,74.737,18:00-00:00
Almería,A-1051,2026-01-18T00:00:00Z,1,0.308,0.308,00:00-06:00
Almería,A-1075,2026-01-18T01:00:00Z,1,23.356,23.356,00:00-06:00
Almería,A-1075,2026-01-18T02:00:00Z,3,10.307,18.827,00:00-06:00
Almería,A-7,2026-01-18T04:00:00Z,1,744.14,744.14,00:00-06:00
Almería,N-340a,2026-01-18T05:00:00Z,1,437.735,437.735,00:00-06:00
Almería,A-1102,2026-01-18T06:00:00Z,1,5.096,5.096,06:00-12:00
Almería,A-7,2026-01-18T07:00:00Z,6,742.388,762.005,06:00-12:00
Almería,A-7,2026-01-18T08:00:00Z,8,759.338,821.318,06:00-12:00
Almería,A-7,2026-01-18T09:00:00Z,7,773.052,820.296,06:00-12:00
Almería,AL-3117,2026-01-18T10:00:00Z,4,1.853,8.806,06:00-12:00
Almería,A-334,2026-01-18T11:00:00Z,3,43.571,49.72,06:00-12:00
Almería,N-340a,2026-01-18T12:00:00Z,3,437.866,456.618,12:00-18:00
Almería,A-7,2026-01-18T16:00:00Z,1,799.57,799.57,12:00-18:00
Almería,A-7,2026-01-18T17:00:00Z,2,712.71,824.109,12:00-18:00
Asturias,A-8,2026-01-17T11:00:00Z,3,357.258,496.144,06:00-12:00
Asturias,A-66,2026-01-17T12:00:00Z,2,13.838,26.322,12:00-18:00
Asturias,AS-216,2026-01-17T13:00:00Z,1,5.916,5.916,12:00-18:00
Asturias,A-66,2026-01-17T19:00:00Z,2,48.602,48.604,18:00-00:00
Asturias,A-8,2026-01-17T20:00:00Z,4,397.64,463.741,18:00-00:00
Asturias,A-8,2026-01-17T21:00:00Z,4,394.049,478.527,18:00-00:00
Asturias,A-66,2026-01-17T22:00:00Z,1,48.606,48.606,18:00-00:00
Asturias,A-66,2026-01-17T23:00:00Z,2,17.166,48.602,18:00-00:00
Asturias,AS-378,2026-01-18T00:00:00Z,1,9.067,9.067,00:00-06:00
Asturias,A-64,2026-01-18T01:00:00Z,1,25.467,25.467,00:00-06:00
Asturias,AS-112,2026-01-18T02:00:00Z,2,38.867,41.775,00:00-06:00
Asturias,AS-15,2026-01-18T03:00:00Z,1,64.264,64.264,00:00-06:00
Asturias,A-66,2026-01-18T05:00:00Z,1,12.604,12.604,00:00-06:00
Asturias,A-64,2026-01-18T06:00:00Z,1,18.733,18.733,06:00-12:00
Asturias,CT-2,2026-01-18T07:00:00Z,1,1.481,1.481,06:00-12:00
Asturias,A-8,2026-01-18T08:00:00Z,1,302.411,302.411,06:00-12:00
Asturias,A-66,2026-01-18T09:00:00Z,1,19.934,19.934,06:00-12:00
Asturias,A-8,2026-01-18T10:00:00Z,1,388.416,388.416,06:00-12:00
Asturias,A-66,2026-01-18T11:00:00Z,1,37.214,37.214,06:00-12:00
Asturias,AS-117,2026-01-18T12:00:00Z,3,37.105,44.804,12:00-18:00
Asturias,A-66,2026-01-18T16:00:00Z,2,34.904,36.297,12:00-18:00
Badajoz,A-5,2026-01-17T11:00:00Z,1,343.787,343.787,06:00-12:00
Badajoz,EX-107,2026-01-17T12:00:00Z,1,24.045,24.045,12:00-18:00
Badajoz,N-432,2026-01-17T13:00:00Z,1,1.925,1.925,12:00-18:00
Badajoz,EX-101,2026-01-17T20:00:00Z,2,1.214,4.832,18:00-00:00
Badajoz,EX-343,2026-01-17T21:00:00Z,3,7.586,16.741,18:00-00:00
Badajoz,EX-354,2026-01-17T23:00:00Z,1,10.488,10.488,18:00-00:00
Badajoz,BA-20,2026-01-18T00:00:00Z,1,5.566,5.566,00:00-06:00
Badajoz,EX-104,2026-01-18T02:00:00Z,1,19.077,19.077,00:00-06:00
Badajoz,BA-100,2026-01-18T03:00:00Z,1,16.416,16.416,00:00-06:00
Badajoz,EX-110,2026-01-18T04:00:00Z,1,58.898,58.898,00:00-06:00
Badajoz,A-5,2026-01-18T06:00:00Z,1,346.382,346.382,06:00-12:00
Badajoz,EX-328,2026-01-18T07:00:00Z,1,4.478,4.478,06:00-12:00
Badajoz,BA-002,2026-01-18T08:00:00Z,1,19.14,19.14,06:00-12:00
Badajoz,A-66,2026-01-18T09:00:00Z,1,632.339,632.339,06:00-12:00
Badajoz,EX-360,2026-01-18T10:00:00Z,2,1.663,1.884,06:00-12:00
Badajoz,EX-323,2026-01-18T11:00:00Z,6,2.629,14.261,06:00-12:00
Badajoz,N-432,2026-01-18T12:00:00Z,4,0.678,14.438,12:00-18:00
Badajoz,A-66,2026-01-18T16:00:00Z,1,634.556,634.556,12:00-18:00
Badajoz,EX-343,2026-01-18T17:00:00Z,1,11.881,11.881,12:00-18:00
Barcelona,A-2,2026-01-17T10:00:00Z,1,603.769,603.769,06:00-12:00
Barcelona,AP-7,2026-01-17T11:00:00Z,2,117.323,203.531,06:00-12:00
Barcelona,C-25,2026-01-17T12:00:00Z,3,124.614,171.774,12:00-18:00
Barcelona,C-15,2026-01-17T13:00:00Z,1,39.525,39.525,12:00-18:00
Barcelona,BP-1432,2026-01-17T19:00:00Z,1,19.021,19.021,18:00-00:00
Barcelona,A-2,2026-01-17T20:00:00Z,1,603.467,603.467,18:00-00:00
Barcelona,C-32,2026-01-17T21:00:00Z,2,100.523,117.234,18:00-00:00
Barcelona,C-31,2026-01-17T23:00:00Z,2,168.694,194.436,18:00-00:00
Barcelona,C-58,2026-01-18T00:00:00Z,2,15.95,16.03,00:00-06:00
Barcelona,C-25,2026-01-18T01:00:00Z,1,104.51,104.51,00:00-06:00
Barcelona,C-25,2026-01-18T02:00:00Z,1,104.507,104.507,00:00-06:00
Barcelona,BV-4511,2026-01-18T03:00:00Z,1,3.474,3.474,00:00-06:00
Barcelona,C-58,2026-01-18T04:00:00Z,1,37.618,37.618,00:00-06:00
Barcelona,C-37,2026-01-18T05:00:00Z,1,67.558,67.558,00:00-06:00
Barcelona,AP-7,2026-01-18T06:00:00Z,1,104.481,104.481,06:00-12:00
Barcelona,A-2,2026-01-18T07:00:00Z,1,577.576,577.576,06:00-12:00
Barcelona,C-59,2026-01-18T08:00:00Z,1,29.604,29.604,06:00-12:00
Barcelona,BP-2151,2026-01-18T09:00:00Z,2,11.626,11.985,06:00-12:00
Barcelona,AP-7,2026-01-18T10:00:00Z,4,113.481,175.889,06:00-12:00
Barcelona,B-30,2026-01-18T11:00:00Z,1,10.685,10.685,06:00-12:00
Barcelona,B-120,2026-01-18T12:00:00Z,2,0.57,0.57,12:00-18:00
Barcelona,AP-7-R25,2026-01-18T16:00:00Z,1,0.443,0.443,12:00-18:00
Barcelona,AP-7,2026-01-18T17:00:00Z,2,119.524,141.694,12:00-18:00
Burgos,CL-619,2026-01-17T10:00:00Z,2,71.785,73.098,06:00-12:00
Burgos,BU-30,2026-01-17T11:00:00Z,1,2.186,2.186,06:00-12:00
Burgos,BU-627,2026-01-17T12:00:00Z,1,27.04,27.04,12:00-18:00
Burgos,N-1,2026-01-17T13:00:00Z,2,245.326,278.29,12:00-18:00
Burgos,N-1a,2026-01-17T19:00:00Z,1,158.253,158.253,18:00-00:00
Burgos,BU-925,2026-01-17T20:00:00Z,1,0.36,0.36,18:00-00:00
Burgos,BU-601,2026-01-17T21:00:00Z,6,2.159,23.428,18:00-00:00
Burgos,CL-629,2026-01-17T22:00:00Z,1,90.736,90.736,18:00-00:00
Burgos,BU-P-1012,2026-01-17T23:00:00Z,1,0.047,0.047,18:00-00:00
Burgos,A-62,2026-01-18T00:00:00Z,2,13.004,13.759,00:00-06:00
Burgos,AP-1,2026-01-18T01:00:00Z,2,59.175,63.542,00:00-06:00
Burgos,N-1,2026-01-18T03:00:00Z,1,201.41,201.41,00:00-06:00
Burgos,BU-114,2026-01-18T08:00:00Z,1,0.158,0.158,06:00-12:00
Burgos,N-622,2026-01-18T09:00:00Z,2,69.085,72.979,06:00-12:00
Burgos,BU-11,2026-01-18T10:00:00Z,1,1.423,1.423,06:00-12:00
Burgos,BU-11,2026-01-18T11:00:00Z,1,1.42,1.42,06:00-12:00
Burgos,N-234,2026-01-18T12:00:00Z,4,465.203,483.172,12:00-18:00
Burgos,CL-117,2026-01-18T16:00:00Z,1,0.284,0.284,12:00-18:00
Burgos,N-1,2026-01-18T17:00:00Z,2,152.971,245.596,12:00-18:00
Cantabria,CA-232,2026-01-17T10:00:00Z,1,4.225,4.225,06:00-12:00
Cantabria,N-634,2026-01-17T11:00:00Z,3,165.068,196.341,06:00-12:00
Cantabria,A-67,2026-01-17T12:00:00Z,2,155.603,168.161,12:00-18:00
Cantabria,A-8,2026-01-17T13:00:00Z,4,146.364,245.738,12:00-18:00
Cantabria,A-67,2026-01-17T19:00:00Z,1,192.642,192.642,18:00-00:00
Cantabria,A-67,2026-01-17T20:00:00Z,5,186.663,201.975,18:00-00:00
Cantabria,A-67,2026-01-17T21:00:00Z,5,173.918,200.766,18:00-00:00
Cantabria,A-67,2026-01-17T22:00:00Z,5,137.388,162.85,18:00-00:00
Cantabria,CA-304,2026-01-17T23:00:00Z,1,0.178,0.178,18:00-00:00
Cantabria,S-10,2026-01-18T00:00:00Z,1,2.719,2.719,00:00-06:00
Cantabria,A-67,2026-01-18T01:00:00Z,1,204.998,204.998,00:00-06:00
Cantabria,A-67,2026-01-18T02:00:00Z,1,182.246,182.246,00:00-06:00
Cantabria,A-8,2026-01-18T03:00:00Z,4,171.006,209.423,00:00-06:00
Cantabria,CA-266,2026-01-18T04:00:00Z,1,0,0,00:00-06:00
Cantabria,N-611,2026-01-18T05:00:00Z,1,137.932,137.932,00:00-06:00
Cantabria,N-634,2026-01-18T07:00:00Z,1,172.376,172.376,06:00-12:00
Cantabria,CA-131,2026-01-18T08:00:00Z,2,23.831,29.305,06:00-12:00
Cantabria,N-634,2026-01-18T09:00:00Z,2,267.578,269.524,06:00-12:00
Cantabria,CA-131,2026-01-18T10:00:00Z,3,19.173,28.645,06:00-12:00
Cantabria,A-8,2026-01-18T11:00:00Z,2,145.595,182.414,06:00-12:00
Cantabria,N-611,2026-01-18T12:00:00Z,4,137.933,176.16,12:00-18:00
Cantabria,A-67,2026-01-18T17:00:00Z,1,189.501,189.501,12:00-18:00
Castelló/Castellón,CS-22,2026-01-17T11:00:00Z,1,8.031,8.031,06:00-12:00
Castelló/Castellón,CV-165,2026-01-17T12:00:00Z,1,22.624,22.624,12:00-18:00
Castelló/Castellón,A-23,2026-01-17T13:00:00Z,1,23.636,23.636,12:00-18:00
Castelló/Castellón,N-340a,2026-01-17T19:00:00Z,1,975.909,975.909,18:00-00:00
Castelló/Castellón,CV-149,2026-01-17T20:00:00Z,1,0,0,18:00-00:00
Castelló/Castellón,N-340a,2026-01-17T21:00:00Z,5,972.806,1054.433,18:00-00:00
Castelló/Castellón,A-7,2026-01-17T22:00:00Z,1,281.784,281.784,18:00-00:00
Castelló/Castellón,N-340a,2026-01-17T23:00:00Z,2,974.074,975.649,18:00-00:00
Castelló/Castellón,N-340,2026-01-18T00:00:00Z,4,947.621,987.494,00:00-06:00
Castelló/Castellón,CV-16,2026-01-18T01:00:00Z,3,2.72,12.683,00:00-06:00
Castelló/Castellón,AP-7,2026-01-18T02:00:00Z,1,381.16,381.16,00:00-06:00
Castelló/Castellón,CV-10,2026-01-18T03:00:00Z,1,10.431,10.431,00:00-06:00
Castelló/Castellón,CV-10,2026-01-18T04:00:00Z,1,1.475,1.475,00:00-06:00
Castelló/Castellón,AP-7,2026-01-18T05:00:00Z,1,381.128,381.128,00:00-06:00
Castelló/Castellón,N-225,2026-01-18T06:00:00Z,1,43.278,43.278,06:00-12:00
Castelló/Castellón,CV-10,2026-01-18T07:00:00Z,4,11.263,29.357,06:00-12:00
Castelló/Castellón,A-23,2026-01-18T08:00:00Z,2,32.277,50.018,06:00-12:00
Castelló/Castellón,CV-10,2026-01-18T09:00:00Z,6,0.38,75.976,06:00-12:00
Castelló/Castellón,CV-170,2026-01-18T10:00:00Z,4,3.183,13.822,06:00-12:00
Castelló/Castellón,N-232,2026-01-18T11:00:00Z,4,42.282,61.039,06:00-12:00
Castelló/Castellón,N-340,2026-01-18T12:00:00Z,5,956.976,1046.979,12:00-18:00
Castelló/Castellón,N-340a,2026-01-18T16:00:00Z,1,974.94,974.94,12:00-18:00
Castelló/Castellón,CV-230,2026-01-18T17:00:00Z,1,5.864,5.864,12:00-18:00
Ceuta,N-352,2026-01-17T20:00:00Z,1,3.405,3.405,18:00-00:00
Ceuta,N-354,2026-01-18T11:00:00Z,1,1.807,1.807,06:00-12:00
Ciudad Real,CM-3129,2026-01-17T10:00:00Z,1,6.191,6.191,06:00-12:00
Ciudad Real,CM-4107,2026-01-17T11:00:00Z,1,13.447,13.447,06:00-12:00
Ciudad Real,A-4,2026-01-17T12:00:00Z,1,181.281,181.281,12:00-18:00
Ciudad Real,CM-3166,2026-01-17T13:00:00Z,1,6.146,6.146,12:00-18:00
Ciudad Real,A-4,2026-01-17T19:00:00Z,1,165.473,165.473,18:00-00:00
Ciudad Real,CR-4123,2026-01-17T20:00:00Z,4,0.339,8.869,18:00-00:00
Ciudad Real,N-430a,2026-01-17T21:00:00Z,3,324.202,378.539,18:00-00:00
Ciudad Real,A-4,2026-01-17T22:00:00Z,2,166.551,231.92,18:00-00:00
Ciudad Real,A-4,2026-01-17T23:00:00Z,6,160.628,184.265,18:00-00:00
Ciudad Real,A-4,2026-01-18T00:00:00Z,1,197.195,197.195,00:00-06:00
Ciudad Real,N-430,2026-01-18T01:00:00Z,1,306.195,306.195,00:00-06:00
Ciudad Real,A-4,2026-01-18T04:00:00Z,1,167.146,167.146,00:00-06:00
Ciudad Real,A-41,2026-01-18T06:00:00Z,1,170.851,170.851,06:00-12:00
Ciudad Real,CM-3111,2026-01-18T08:00:00Z,1,24.901,24.901,06:00-12:00
Ciudad Real,N-430,2026-01-18T09:00:00Z,2,309.086,310.697,06:00-12:00
Ciudad Real,CM-4110,2026-01-18T10:00:00Z,2,48.977,49.597,06:00-12:00
Ciudad Real,A-43,2026-01-18T11:00:00Z,3,2.032,14.29,06:00-12:00
Ciudad Real,N-430,2026-01-18T12:00:00Z,3,308.64,383.802,12:00-18:00
Cuenca,N-310,2026-01-17T10:00:00Z,1,185.655,185.655,06:00-12:00
Cuenca,N-420,2026-01-17T11:00:00Z,3,421.84,507.034,06:00-12:00
Cuenca,A-3,2026-01-17T12:00:00Z,3,113.306,214.967,12:00-18:00
Cuenca,CU-V-9144,2026-01-17T13:00:00Z,1,0.897,0.897,12:00-18:00
Cuenca,N-420,2026-01-17T19:00:00Z,1,452.732,452.732,18:00-00:00
Cuenca,N-420,2026-01-17T20:00:00Z,3,325.434,340.641,18:00-00:00
Cuenca,N-320,2026-01-17T21:00:00Z,2,155.614,156.119,18:00-00:00
Cuenca,A-3,2026-01-17T22:00:00Z,1,199.766,199.766,18:00-00:00
Cuenca,N-310,2026-01-17T23:00:00Z,1,185.893,185.893,18:00-00:00
Cuenca,N-310,2026-01-18T01:00:00Z,4,185.85,198.04,00:00-06:00
Cuenca,A-3,2026-01-18T02:00:00Z,1,108.645,108.645,00:00-06:00
Cuenca,N-3,2026-01-18T03:00:00Z,1,199.747,199.747,00:00-06:00
Cuenca,A-3,2026-01-18T04:00:00Z,2,238.018,243.977,00:00-06:00
Cuenca,A-3,2026-01-18T06:00:00Z,1,235.317,235.317,06:00-12:00
Cuenca,A-3,2026-01-18T09:00:00Z,2,71.136,71.311,06:00-12:00
Cuenca,A-3,2026-01-18T10:00:00Z,6,79.132,161.504,06:00-12:00
Cuenca,N-310,2026-01-18T11:00:00Z,3,174.348,180.094,06:00-12:00
Cuenca,N-310,2026-01-18T12:00:00Z,4,160.553,181.001,12:00-18:00
Cuenca,A-31,2026-01-18T16:00:00Z,1,25.932,25.932,12:00-18:00
Cuenca,A-43,2026-01-18T17:00:00Z,1,147.885,147.885,12:00-18:00
Cáceres,EX-109,2026-01-17T12:00:00Z,1,44.421,44.421,12:00-18:00
Cáceres,A-66,2026-01-17T19:00:00Z,1,564.994,564.994,18:00-00:00
Cáceres,EX-203,2026-01-17T20:00:00Z,3,0.496,18.645,18:00-00:00
Cáceres,A-5,2026-01-17T21:00:00Z,1,189.806,189.806,18:00-00:00
Cáceres,CC-240,2026-01-17T22:00:00Z,1,1.721,1.721,18:00-00:00
Cáceres,CC-238,2026-01-17T23:00:00Z,1,2.327,2.327,18:00-00:00
Cáceres,EX-102,2026-01-18T00:00:00Z,1,5.723,5.723,00:00-06:00
Cáceres,EX-A1,2026-01-18T02:00:00Z,1,90.111,90.111,00:00-06:00
Cáceres,A-58,2026-01-18T03:00:00Z,1,37.124,37.124,00:00-06:00
Cáceres,CC-252,2026-01-18T04:00:00Z,1,4.987,4.987,00:00-06:00
Cáceres,A-66,2026-01-18T05:00:00Z,1,451.127,451.127,00:00-06:00
Cáceres,EX-102,2026-01-18T06:00:00Z,1,74.111,74.111,06:00-12:00
Cáceres,N-521,2026-01-18T07:00:00Z,1,100.245,100.245,06:00-12:00
Cáceres,CC-253,2026-01-18T08:00:00Z,2,1.395,5.118,06:00-12:00
Cáceres,EX-109,2026-01-18T09:00:00Z,1,44.845,44.845,06:00-12:00
Cáceres,CC-253,2026-01-18T10:00:00Z,4,0,6.388,06:00-12:00
Cáceres,A-66,2026-01-18T11:00:00Z,2,480.571,505.722,06:00-12:00
Cáceres,CC-253,2026-01-18T12:00:00Z,2,5.688,6.452,12:00-18:00
Cáceres,A-5,2026-01-18T16:00:00Z,3,261.168,295.575,12:00-18:00
Cáceres,A-5,2026-01-18T17:00:00Z,2,261.16,269.233,12:00-18:00
Cádiz,A-48,2026-01-17T10:00:00Z,1,13.451,13.451,06:00-12:00
Cádiz,A-2006,2026-01-17T11:00:00Z,1,23.396,23.396,06:00-12:00
Cádiz,A-4,2026-01-17T12:00:00Z,1,651.875,651.875,12:00-18:00
Cádiz,A-4,2026-01-17T13:00:00Z,1,658.157,658.157,12:00-18:00
Cádiz,A-381,2026-01-17T19:00:00Z,1,34.115,34.115,18:00-00:00
Cádiz,A-4,2026-01-17T20:00:00Z,2,641.696,667.819,18:00-00:00
Cádiz,A-2075,2026-01-17T21:00:00Z,1,2.433,2.433,18:00-00:00
Cádiz,A-381,2026-01-17T22:00:00Z,3,1.684,40.725,18:00-00:00
Cádiz,AP-4,2026-01-17T23:00:00Z,5,63.088,74.322,18:00-00:00
Cádiz,A-48,2026-01-18T00:00:00Z,2,3.655,6.118,00:00-06:00
Cádiz,CA-33,2026-01-18T02:00:00Z,1,8.02,8.02,00:00-06:00
Cádiz,A-4,2026-01-18T03:00:00Z,1,645.886,645.886,00:00-06:00
Cádiz,A-4,2026-01-18T05:00:00Z,1,645.885,645.885,00:00-06:00
Cádiz,CA-3205,2026-01-18T06:00:00Z,1,7.788,7.788,06:00-12:00
Cádiz,A-381,2026-01-18T07:00:00Z,1,17.718,17.718,06:00-12:00
Cádiz,A-2075,2026-01-18T08:00:00Z,1,3.089,3.089,06:00-12:00
Cádiz,A-390R3,2026-01-18T09:00:00Z,1,1.07,1.07,06:00-12:00
Cádiz,A-7,2026-01-18T10:00:00Z,3,1108.295,1109.097,06:00-12:00
Cádiz,A-381,2026-01-18T11:00:00Z,6,0.956,64.238,06:00-12:00
Cádiz,A-381,2026-01-18T12:00:00Z,3,28.93,40.001,12:00-18:00
Cádiz,A-48,2026-01-18T16:00:00Z,1,28.775,28.775,12:00-18:00
Cádiz,A-390,2026-01-18T17:00:00Z,1,15.822,15.822,12:00-18:00
Córdoba,N-331,2026-01-17T10:00:00Z,1,42.757,42.757,06:00-12:00
Córdoba,A-3050,2026-01-17T11:00:00Z,2,1.223,3.751,06:00-12:00
Córdoba,A-309a,2026-01-17T12:00:00Z,1,2.316,2.316,12:00-18:00
Córdoba,A-309a,2026-01-17T13:00:00Z,2,3.084,6.328,12:00-18:00
Córdoba,A-309a,2026-01-17T19:00:00Z,1,6.208,6.208,18:00-00:00
Córdoba,A-4,2026-01-17T20:00:00Z,3,411.076,415.939,18:00-00:00
Córdoba,A-45,2026-01-17T21:00:00Z,6,1.699,78.98,18:00-00:00
Córdoba,A-45,2026-01-17T22:00:00Z,3,19.736,32.227,18:00-00:00
Córdoba,A-45,2026-01-17T23:00:00Z,8,0.437,35.133,18:00-00:00
Córdoba,N-432,2026-01-18T01:00:00Z,2,345.961,350.033,00:00-06:00
Córdoba,A-318,2026-01-18T02:00:00Z,5,53.131,67.236,00:00-06:00
Córdoba,A-45,2026-01-18T03:00:00Z,3,11.265,22.858,00:00-06:00
Córdoba,CP-274,2026-01-18T04:00:00Z,1,0.081,0.081,00:00-06:00
Córdoba,CO-263a,2026-01-18T05:00:00Z,1,0.854,0.854,00:00-06:00
Córdoba,A-331,2026-01-18T06:00:00Z,1,11.817,11.817,06:00-12:00
Córdoba,A-45,2026-01-18T07:00:00Z,2,21.482,22.621,06:00-12:00
Córdoba,A-309a,2026-01-18T08:00:00Z,2,2.821,4.237,06:00-12:00
Córdoba,N-331,2026-01-18T09:00:00Z,3,40.991,49.006,06:00-12:00
Córdoba,A-45,2026-01-18T10:00:00Z,5,1.474,25.269,06:00-12:00
Córdoba,A-4,2026-01-18T11:00:00Z,7,378.201,407.099,06:00-12:00
Córdoba,N-331,2026-01-18T12:00:00Z,6,33.197,74.526,12:00-18:00
Córdoba,A-45,2026-01-18T16:00:00Z,1,61.95,61.95,12:00-18:00
Córdoba,A-4,2026-01-18T17:00:00Z,1,409.39,409.39,12:00-18:00
Girona,A-26,2026-01-17T10:00:00Z,1,73.763,73.763,06:00-12:00
Girona,C-25,2026-01-17T13:00:00Z,1,196.802,196.802,12:00-18:00
Girona,GI-400,2026-01-17T20:00:00Z,1,0.967,0.967,18:00-00:00
Girona,AP-7,2026-01-17T21:00:00Z,1,83.293,83.293,18:00-00:00
Girona,AP-7,2026-01-18T00:00:00Z,1,20.55,20.55,00:00-06:00
Girona,C-66,2026-01-18T01:00:00Z,1,8.004,8.004,00:00-06:00
Girona,C-152,2026-01-18T06:00:00Z,1,48.923,48.923,06:00-12:00
Girona,GI-400,2026-01-18T09:00:00Z,1,16.627,16.627,06:00-12:00
Girona,GI-623,2026-01-18T11:00:00Z,1,12.844,12.844,06:00-12:00
Girona,C-38,2026-01-18T12:00:00Z,1,4.246,4.246,12:00-18:00
Girona,N-260,2026-01-18T16:00:00Z,1,35.739,35.739,12:00-18:00
Granada,A-395,2026-01-17T10:00:00Z,1,15.934,15.934,06:00-12:00
Granada,N-340,2026-01-17T11:00:00Z,4,312.547,342.265,06:00-12:00
Granada,A-348,2026-01-17T12:00:00Z,1,65.682,65.682,12:00-18:00
Granada,A-92,2026-01-17T13:00:00Z,2,213.475,226.262,12:00-18:00
Granada,A-402,2026-01-17T19:00:00Z,1,24.034,24.034,18:00-00:00
Granada,N-340,2026-01-17T20:00:00Z,4,317.081,332.505,18:00-00:00
Granada,A-308,2026-01-17T21:00:00Z,4,5.033,34.488,18:00-00:00
Granada,A-403,2026-01-17T22:00:00Z,4,14.383,32.266,18:00-00:00
Granada,A-92,2026-01-17T23:00:00Z,1,222.186,222.186,18:00-00:00
Granada,A-92,2026-01-18T00:00:00Z,1,259.092,259.092,00:00-06:00
Granada,A-92,2026-01-18T01:00:00Z,4,241.382,259.442,00:00-06:00
Granada,N-340,2026-01-18T02:00:00Z,1,330.437,330.437,00:00-06:00
Granada,A-7,2026-01-18T03:00:00Z,1,880.338,880.338,00:00-06:00
Granada,GR-5206,2026-01-18T04:00:00Z,2,13.943,18.325,00:00-06:00
Granada,A-395,2026-01-18T05:00:00Z,6,3.348,29.915,00:00-06:00
Granada,A-44,2026-01-18T06:00:00Z,1,160.054,160.054,06:00-12:00
Granada,N-340,2026-01-18T07:00:00Z,4,330.575,339.146,06:00-12:00
Granada,GR-30,2026-01-18T08:00:00Z,3,8.762,13.854,06:00-12:00
Granada,A-7,2026-01-18T09:00:00Z,7,875.067,910.566,06:00-12:00
Granada,A-4132,2026-01-18T10:00:00Z,4,6.634,17.029,06:00-12:00
Granada,N-340,2026-01-18T11:00:00Z,6,309.1,323.486,06:00-12:00
Granada,A-44,2026-01-18T12:00:00Z,8,109.341,183.576,12:00-18:00
Granada,A-346,2026-01-18T16:00:00Z,1,10.408,10.408,12:00-18:00
Granada,N-432,2026-01-18T17:00:00Z,2,418.334,420.629,12:00-18:00
Guadalajara,A-2,2026-01-17T10:00:00Z,3,40.451,53.288,06:00-12:00
Guadalajara,A-2,2026-01-17T11:00:00Z,1,40.223,40.223,06:00-12:00
Guadalajara,CM-2004,2026-01-17T12:00:00Z,1,21.575,21.575,12:00-18:00
Guadalajara,A-2,2026-01-17T13:00:00Z,2,42.405,104.194,12:00-18:00
Guadalajara,GU-105,2026-01-17T19:00:00Z,1,1.082,1.082,18:00-00:00
Guadalajara,A-2,2026-01-17T20:00:00Z,1,42.673,42.673,18:00-00:00
Guadalajara,N-320,2026-01-17T21:00:00Z,2,229.682,243.945,18:00-00:00
Guadalajara,CM-1101,2026-01-18T00:00:00Z,3,0.081,10.827,00:00-06:00
Guadalajara,N-320a,2026-01-18T02:00:00Z,1,248.731,248.731,00:00-06:00
Guadalajara,CM-2004,2026-01-18T03:00:00Z,3,18.283,21.285,00:00-06:00
Guadalajara,A-2,2026-01-18T04:00:00Z,3,45.417,51.03,00:00-06:00
Guadalajara,CM-10,2026-01-18T09:00:00Z,1,0,0,06:00-12:00
Guadalajara,A-2,2026-01-18T10:00:00Z,1,41.32,41.32,06:00-12:00
Guadalajara,A-2,2026-01-18T11:00:00Z,1,93.427,93.427,06:00-12:00
Guadalajara,CM-1004,2026-01-18T12:00:00Z,2,24.237,24.977,12:00-18:00
Huelva,A-492,2026-01-17T10:00:00Z,1,1.976,1.976,06:00-12:00
Huelva,A-495a,2026-01-17T11:00:00Z,2,0.349,0.509,06:00-12:00
Huelva,A-472,2026-01-17T12:00:00Z,1,27.271,27.271,12:00-18:00
Huelva,N-431,2026-01-17T13:00:00Z,2,110.508,112.395,12:00-18:00
Huelva,A-496,2026-01-17T20:00:00Z,2,10.64,16.657,18:00-00:00
Huelva,HU-5101,2026-01-17T21:00:00Z,1,10.254,10.254,18:00-00:00
Huelva,A-49,2026-01-17T22:00:00Z,4,38.02,123.257,18:00-00:00
Huelva,N-431,2026-01-17T23:00:00Z,4,89.412,130.376,18:00-00:00
Huelva,A-492,2026-01-18T00:00:00Z,1,2.308,2.308,00:00-06:00
Huelva,A-5000,2026-01-18T01:00:00Z,4,8.952,9.736,00:00-06:00
Huelva,A-474,2026-01-18T02:00:00Z,1,41.102,41.102,00:00-06:00
Huelva,A-49,2026-01-18T03:00:00Z,2,57.47,72.065,00:00-06:00
Huelva,A-49,2026-01-18T04:00:00Z,2,35.378,73.352,00:00-06:00
Huelva,A-49,2026-01-18T05:00:00Z,1,62.6,62.6,00:00-06:00
Huelva,A-49,2026-01-18T06:00:00Z,1,49.187,49.187,06:00-12:00
Huelva,A-49,2026-01-18T07:00:00Z,2,35.344,75.289,06:00-12:00
Huelva,N-431,2026-01-18T08:00:00Z,2,111.972,131,06:00-12:00
Huelva,A-49,2026-01-18T09:00:00Z,2,39.727,44.81,06:00-12:00
Huelva,N-435,2026-01-18T10:00:00Z,3,174.508,187.797,06:00-12:00
Huelva,N-435,2026-01-18T11:00:00Z,5,166.953,182.685,06:00-12:00
Huelva,A-49,2026-01-18T12:00:00Z,2,77.186,78.065,12:00-18:00
Huelva,A-49,2026-01-18T16:00:00Z,1,58.546,58.546,12:00-18:00
Huelva,A-493,2026-01-18T17:00:00Z,1,2.979,2.979,12:00-18:00
Huesca,A-2606,2026-01-17T12:00:00Z,3,8.337,9.507,12:00-18:00
Huesca,N-230,2026-01-17T13:00:00Z,1,148.651,148.651,12:00-18:00
Huesca,N-211,2026-01-17T19:00:00Z,1,319.365,319.365,18:00-00:00
Huesca,N-330,2026-01-17T20:00:00Z,1,652.296,652.296,18:00-00:00
Huesca,A-1235,2026-01-17T21:00:00Z,1,2.228,2.228,18:00-00:00
Huesca,A-136,2026-01-17T22:00:00Z,1,6.389,6.389,18:00-00:00
Huesca,N-123,2026-01-17T23:00:00Z,1,17.168,17.168,18:00-00:00
Huesca,N-330b,2026-01-18T00:00:00Z,1,673.339,673.339,00:00-06:00
Huesca,A-23,2026-01-18T01:00:00Z,3,347.959,353.996,00:00-06:00
Huesca,A-23,2026-01-18T02:00:00Z,6,347.935,356.018,00:00-06:00
Huesca,N-330,2026-01-18T03:00:00Z,3,559.534,567.784,00:00-06:00
Huesca,N-330a,2026-01-18T04:00:00Z,1,629.768,629.768,00:00-06:00
Huesca,A-131,2026-01-18T05:00:00Z,1,87.077,87.077,00:00-06:00
Huesca,A-131,2026-01-18T07:00:00Z,4,85.148,93.713,06:00-12:00
Huesca,A-136,2026-01-18T08:00:00Z,4,3.781,20.027,06:00-12:00
Huesca,A-136,2026-01-18T09:00:00Z,1,10.018,10.018,06:00-12:00
Huesca,A-136,2026-01-18T10:00:00Z,3,0.153,11.54,06:00-12:00
Huesca,A-136,2026-01-18T11:00:00Z,2,16.722,19.87,06:00-12:00
Huesca,A-136,2026-01-18T12:00:00Z,3,7.418,13.226,12:00-18:00
Huesca,A-131,2026-01-18T16:00:00Z,1,74.046,74.046,12:00-18:00
Huesca,N-240,2026-01-18T17:00:00Z,1,143.142,143.142,12:00-18:00
Illes Balears,EI-300,2026-01-17T10:00:00Z,1,17.493,17.493,06:00-12:00
Illes Balears,EI-600,2026-01-17T11:00:00Z,2,1.399,1.924,06:00-12:00
Illes Balears,EI-100a,2026-01-17T12:00:00Z,1,0.227,0.227,12:00-18:00
Illes Balears,EI-600,2026-01-17T13:00:00Z,2,1.395,2.152,12:00-18:00
Illes Balears,Ma-30,2026-01-17T19:00:00Z,1,5.399,5.399,18:00-00:00
Illes Balears,Ma-30,2026-01-17T20:00:00Z,1,3.151,3.151,18:00-00:00
Illes Balears,Ma-15,2026-01-17T21:00:00Z,1,22.131,22.131,18:00-00:00
Illes Balears,Ma-13,2026-01-17T22:00:00Z,1,7.012,7.012,18:00-00:00
Illes Balears,EI-800a,2026-01-17T23:00:00Z,1,0.483,0.483,18:00-00:00
Illes Balears,Ma-13,2026-01-18T01:00:00Z,6,13.643,45.403,00:00-06:00
Illes Balears,Ma-13,2026-01-18T02:00:00Z,5,10.725,38.831,00:00-06:00
Illes Balears,Ma-2031,2026-01-18T03:00:00Z,1,0.498,0.498,00:00-06:00
Illes Balears,Ma-1046,2026-01-18T04:00:00Z,1,2.289,2.289,00:00-06:00
Illes Balears,Ma-13,2026-01-18T05:00:00Z,1,25.643,25.643,00:00-06:00
Illes Balears,Ma-15D,2026-01-18T06:00:00Z,2,4.256,4.747,06:00-12:00
Illes Balears,Ma-19,2026-01-18T07:00:00Z,5,0.525,3.805,06:00-12:00
Illes Balears,Ma-13,2026-01-18T08:00:00Z,10,9.164,24.193,06:00-12:00
Illes Balears,EI-200,2026-01-18T09:00:00Z,3,2.502,6.689,06:00-12:00
Illes Balears,Ma-13,2026-01-18T10:00:00Z,3,20.637,46.992,06:00-12:00
Illes Balears,Ma-1,2026-01-18T11:00:00Z,2,12.103,16.904,06:00-12:00
Illes Balears,Ma-19,2026-01-18T12:00:00Z,3,1.614,19.865,12:00-18:00
Illes Balears,EI-800b,2026-01-18T16:00:00Z,1,2.338,2.338,12:00-18:00
Illes Balears,Ma-15,2026-01-18T17:00:00Z,1,68.288,68.288,12:00-18:00
Jaén,A-6300,2026-01-17T11:00:00Z,2,0.347,3.046,06:00-12:00
Jaén,A-311,2026-01-17T12:00:00Z,1,4.232,4.232,12:00-18:00
Jaén,A-4,2026-01-17T13:00:00Z,1,266.816,266.816,12:00-18:00
Jaén,A-6302,2026-01-17T19:00:00Z,1,2.284,2.284,18:00-00:00
Jaén,A-316,2026-01-17T20:00:00Z,2,36.6,51.965,18:00-00:00
Jaén,N-432a,2026-01-17T21:00:00Z,2,360.087,361.198,18:00-00:00
Jaén,A-44,2026-01-17T22:00:00Z,4,40.202,59.516,18:00-00:00
Jaén,A-316,2026-01-17T23:00:00Z,4,58.629,74.01,18:00-00:00
Jaén,A-316,2026-01-18T00:00:00Z,5,54.522,72.421,00:00-06:00
Jaén,A-316,2026-01-18T01:00:00Z,4,74.015,90.711,00:00-06:00
Jaén,N-322,2026-01-18T05:00:00Z,2,212.802,217.7,00:00-06:00
Jaén,A-32,2026-01-18T06:00:00Z,6,38.255,78.957,06:00-12:00
Jaén,A-316,2026-01-18T07:00:00Z,6,16.001,95.486,06:00-12:00
Jaén,A-44,2026-01-18T08:00:00Z,3,22.574,64.493,06:00-12:00
Jaén,A-4,2026-01-18T09:00:00Z,7,297.744,338.475,06:00-12:00
Jaén,A-6050,2026-01-18T10:00:00Z,6,1.931,14.649,06:00-12:00
Jaén,A-6050,2026-01-18T11:00:00Z,6,9.537,16.414,06:00-12:00
Jaén,A-319,2026-01-18T12:00:00Z,3,66.903,74.745,12:00-18:00
Jaén,A-315,2026-01-18T17:00:00Z,1,68.435,68.435,12:00-18:00
La Rioja,N-232,2026-01-17T11:00:00Z,1,398.24,398.24,06:00-12:00
La Rioja,LO-20,2026-01-17T12:00:00Z,1,13.024,13.024,12:00-18:00
La Rioja,LR-115,2026-01-17T13:00:00Z,1,14.445,14.445,12:00-18:00
La Rioja,AP-68,2026-01-18T06:00:00Z,1,129.7,129.7,06:00-12:00
La Rioja,AP-68,2026-01-18T07:00:00Z,2,160.756,161.611,06:00-12:00
La Rioja,LR-280,2026-01-18T08:00:00Z,1,2.22,2.22,06:00-12:00
La Rioja,N-111,2026-01-18T09:00:00Z,4,283.576,295.197,06:00-12:00
La Rioja,LO-20,2026-01-18T10:00:00Z,1,8.396,8.396,06:00-12:00
La Rioja,LR-254,2026-01-18T11:00:00Z,2,0.369,5.958,06:00-12:00
La Rioja,N-232,2026-01-18T12:00:00Z,2,396.39,396.39,12:00-18:00
La Rioja,LR-115,2026-01-18T17:00:00Z,1,23.941,23.941,12:00-18:00
Las Palmas,FV-1,2026-01-17T10:00:00Z,1,11.644,11.644,06:00-12:00
Las Palmas,FV-1,2026-01-17T11:00:00Z,1,11.202,11.202,06:00-12:00
Las Palmas,GC-1,2026-01-17T12:00:00Z,1,7.103,7.103,12:00-18:00
Las Palmas,GC-1,2026-01-17T13:00:00Z,1,19.295,19.295,12:00-18:00
Las Palmas,GC-1,2026-01-17T19:00:00Z,1,40.519,40.519,18:00-00:00
Las Palmas,GC-1,2026-01-17T20:00:00Z,3,10.28,32.264,18:00-00:00
Las Palmas,GC-1,2026-01-17T21:00:00Z,3,4.54,52.307,18:00-00:00
Las Palmas,GC-100,2026-01-17T22:00:00Z,3,0.64,1.659,18:00-00:00
Las Palmas,GC-2,2026-01-17T23:00:00Z,3,11.49,20.192,18:00-00:00
Las Palmas,GC-23,2026-01-18T00:00:00Z,2,0.208,2.769,00:00-06:00
Las Palmas,GC-1,2026-01-18T01:00:00Z,1,15.14,15.14,00:00-06:00
Las Palmas,GC-15,2026-01-18T02:00:00Z,1,4.124,4.124,00:00-06:00
Las Palmas,GC-100,2026-01-18T03:00:00Z,1,23.222,23.222,00:00-06:00
Las Palmas,GC-1,2026-01-18T06:00:00Z,2,5.723,20.73,06:00-12:00
Las Palmas,GC-1,2026-01-18T07:00:00Z,1,8.416,8.416,06:00-12:00
Las Palmas,GC-100,2026-01-18T08:00:00Z,2,24.649,27.857,06:00-12:00
Las Palmas,GC-191,2026-01-18T09:00:00Z,2,0.042,1.423,06:00-12:00
Las Palmas,GC-15,2026-01-18T10:00:00Z,5,0.621,3.26,06:00-12:00
Las Palmas,GC-1,2026-01-18T11:00:00Z,4,5.021,11.402,06:00-12:00
Las Palmas,GC-2,2026-01-18T12:00:00Z,8,9.716,31.869,12:00-18:00
Las Palmas,GC-200,2026-01-18T16:00:00Z,1,58.732,58.732,12:00-18:00
Las Palmas,GC-1,2026-01-18T17:00:00Z,3,28.385,33.174,12:00-18:00
León,N-120,2026-01-17T10:00:00Z,2,302.672,338.012,06:00-12:00
León,A-60,2026-01-17T11:00:00Z,2,126.029,126.194,06:00-12:00
León,LE-420,2026-01-17T12:00:00Z,1,24.026,24.026,12:00-18:00
León,CL-622,2026-01-17T13:00:00Z,1,40.636,40.636,12:00-18:00
León,LE-3309,2026-01-17T19:00:00Z,1,0.548,0.548,18:00-00:00
León,AP-66,2026-01-17T20:00:00Z,1,126.59,126.59,18:00-00:00
León,CL-621,2026-01-17T21:00:00Z,3,36.48,46.241,18:00-00:00
León,A-6,2026-01-17T22:00:00Z,3,371.939,393.194,18:00-00:00
León,A-66,2026-01-17T23:00:00Z,2,148.117,149.238,18:00-00:00
León,LE-420,2026-01-18T00:00:00Z,1,24.014,24.014,00:00-06:00
León,LE-331,2026-01-18T01:00:00Z,1,36.315,36.315,00:00-06:00
León,LE-331,2026-01-18T02:00:00Z,3,34.92,39.742,00:00-06:00
León,LE-3308,2026-01-18T03:00:00Z,1,0.749,0.749,00:00-06:00
León,CHMS-1,2026-01-18T06:00:00Z,1,10.869,10.869,06:00-12:00
León,A-6,2026-01-18T07:00:00Z,2,282.392,292.159,06:00-12:00
León,LE-711,2026-01-18T08:00:00Z,1,23.616,23.616,06:00-12:00
León,A-66,2026-01-18T09:00:00Z,6,178.709,192.673,06:00-12:00
León,LE-2604,2026-01-18T10:00:00Z,1,0.209,0.209,06:00-12:00
León,CL-631,2026-01-18T11:00:00Z,1,59.243,59.243,06:00-12:00
León,A-6,2026-01-18T12:00:00Z,1,319.124,319.124,12:00-18:00
León,A-231,2026-01-18T16:00:00Z,1,13.623,13.623,12:00-18:00
Lleida,C-26,2026-01-17T10:00:00Z,1,39.941,39.941,06:00-12:00
Lleida,A-2,2026-01-17T11:00:00Z,1,465.889,465.889,06:00-12:00
Lleida,A-2,2026-01-17T12:00:00Z,1,466.745,466.745,12:00-18:00
Lleida,A-2,2026-01-17T13:00:00Z,1,530.225,530.225,12:00-18:00
Lleida,C-12,2026-01-17T20:00:00Z,1,168.623,168.623,18:00-00:00
Lleida,A-2,2026-01-17T21:00:00Z,1,492.515,492.515,18:00-00:00
Lleida,N-240,2026-01-17T23:00:00Z,1,95.595,95.595,18:00-00:00
Lleida,C-14,2026-01-18T02:00:00Z,1,118.73,118.73,00:00-06:00
Lleida,C-451,2026-01-18T03:00:00Z,1,21.143,21.143,00:00-06:00
Lleida,A-2,2026-01-18T08:00:00Z,1,462.065,462.065,06:00-12:00
Lleida,AP-2,2026-01-18T10:00:00Z,1,176.69,176.69,06:00-12:00
Lleida,A-2,2026-01-18T12:00:00Z,1,493.146,493.146,12:00-18:00
Lleida,A-2,2026-01-18T17:00:00Z,1,515.878,515.878,12:00-18:00
Lugo,A-6,2026-01-17T10:00:00Z,1,495.18,495.18,06:00-12:00
Lugo,LU-P-1611,2026-01-17T11:00:00Z,1,7.349,7.349,06:00-12:00
Lugo,LU-740,2026-01-17T12:00:00Z,1,1.099,1.099,12:00-18:00
Lugo,LU-130,2026-01-17T13:00:00Z,1,0.019,0.019,12:00-18:00
Lugo,LU-11,2026-01-17T19:00:00Z,1,1.932,1.932,18:00-00:00
Lugo,A-6,2026-01-17T20:00:00Z,2,498.936,499.764,18:00-00:00
Lugo,LU-740,2026-01-17T21:00:00Z,2,0.203,0.705,18:00-00:00
Lugo,N-6,2026-01-17T22:00:00Z,1,504.25,504.25,18:00-00:00
Lugo,LU-612,2026-01-17T23:00:00Z,1,19.905,19.905,18:00-00:00
Lugo,LU-P-6002,2026-01-18T00:00:00Z,1,7.546,7.546,00:00-06:00
Lugo,N-640,2026-01-18T01:00:00Z,1,92.558,92.558,00:00-06:00
Lugo,N-640,2026-01-18T02:00:00Z,2,82.359,82.812,00:00-06:00
Lugo,A-6,2026-01-18T03:00:00Z,1,500.994,500.994,00:00-06:00
Lugo,LU-P-2801,2026-01-18T04:00:00Z,3,0.899,5.124,00:00-06:00
Lugo,N-640,2026-01-18T05:00:00Z,3,17.314,39.83,00:00-06:00
Lugo,LU-170,2026-01-18T07:00:00Z,2,1.849,6.39,06:00-12:00
Lugo,A-6,2026-01-18T08:00:00Z,1,492.72,492.72,06:00-12:00
Lugo,N-6,2026-01-18T09:00:00Z,3,490.682,499.067,06:00-12:00
Lugo,A-54,2026-01-18T10:00:00Z,1,11.335,11.335,06:00-12:00
Lugo,A-8,2026-01-18T11:00:00Z,1,573.573,573.573,06:00-12:00
Lugo,A-6,2026-01-18T12:00:00Z,3,438.462,523.1,12:00-18:00
Lugo,LU-P-3507,2026-01-18T16:00:00Z,1,10.824,10.824,12:00-18:00
Madrid,M-503,2026-01-17T10:00:00Z,3,7.897,12.409,06:00-12:00
Madrid,A-4,2026-01-17T11:00:00Z,6,7.11,26.103,06:00-12:00
Madrid,M-506,2026-01-17T12:00:00Z,4,8.539,22.19,12:00-18:00
Madrid,A-3,2026-01-17T13:00:00Z,4,3.994,26.663,12:00-18:00
Madrid,M-40,2026-01-17T19:00:00Z,3,13.279,30.59,18:00-00:00
Madrid,M-40,2026-01-17T20:00:00Z,6,12.521,38.24,18:00-00:00
Madrid,M-40,2026-01-17T21:00:00Z,15,8.902,48.829,18:00-00:00
Madrid,M-50,2026-01-17T22:00:00Z,9,8.192,59.551,18:00-00:00
Madrid,M-50,2026-01-17T23:00:00Z,6,53.582,83.857,18:00-00:00
Madrid,A-5,2026-01-18T00:00:00Z,5,6.228,13.072,00:00-06:00
Madrid,A-5,2026-01-18T01:00:00Z,7,13.19,36.643,00:00-06:00
Madrid,M-50,2026-01-18T02:00:00Z,8,23.895,81.041,00:00-06:00
Madrid,A-6,2026-01-18T03:00:00Z,4,30.408,33.923,00:00-06:00
Madrid,M-40,2026-01-18T04:00:00Z,7,29.958,42.83,00:00-06:00
Madrid,A-42,2026-01-18T05:00:00Z,9,3.832,29.302,00:00-06:00
Madrid,M-40,2026-01-18T06:00:00Z,5,12.827,47.632,06:00-12:00
Madrid,M-40,2026-01-18T07:00:00Z,10,0.503,29.971,06:00-12:00
Madrid,M-40,2026-01-18T08:00:00Z,6,12.59,59.544,06:00-12:00
Madrid,A-6,2026-01-18T09:00:00Z,12,18.35,38.883,06:00-12:00
Madrid,M-40,2026-01-18T10:00:00Z,5,16.595,32.568,06:00-12:00
Madrid,M-40,2026-01-18T11:00:00Z,12,10.862,60.015,06:00-12:00
Madrid,A-6,2026-01-18T12:00:00Z,8,14.019,37.783,12:00-18:00
Madrid,M-40,2026-01-18T16:00:00Z,4,16.267,60.791,12:00-18:00
Madrid,A-1,2026-01-18T17:00:00Z,1,11.731,11.731,12:00-18:00
Murcia,A-7,2026-01-17T10:00:00Z,1,586.56,586.56,06:00-12:00
Murcia,A-7,2026-01-17T11:00:00Z,2,556.801,563.324,06:00-12:00
Murcia,A-7,2026-01-17T12:00:00Z,1,583.657,583.657,12:00-18:00
Murcia,MU-33,2026-01-17T13:00:00Z,2,2.557,7.941,12:00-18:00
Murcia,A-30,2026-01-17T19:00:00Z,1,152.575,152.575,18:00-00:00
Murcia,A-7,2026-01-17T20:00:00Z,3,571.067,620.441,18:00-00:00
Murcia,A-7,2026-01-17T21:00:00Z,2,558.983,571.654,18:00-00:00
Murcia,A-30,2026-01-17T22:00:00Z,6,153.718,182.641,18:00-00:00
Murcia,AP-7,2026-01-17T23:00:00Z,3,788.52,802.058,18:00-00:00
Murcia,AP-7,2026-01-18T00:00:00Z,1,869.149,869.149,00:00-06:00
Murcia,MU-33,2026-01-18T01:00:00Z,2,1.766,5.329,00:00-06:00
Murcia,MU-33,2026-01-18T02:00:00Z,2,7.994,9.002,00:00-06:00
Murcia,MU-33,2026-01-18T03:00:00Z,1,4.179,4.179,00:00-06:00
Murcia,AP-7,2026-01-18T04:00:00Z,1,795.679,795.679,00:00-06:00
Murcia,N-301,2026-01-18T05:00:00Z,1,434.126,434.126,00:00-06:00
Murcia,A-30,2026-01-18T06:00:00Z,2,149.284,153.678,06:00-12:00
Murcia,RM-F30,2026-01-18T07:00:00Z,3,1.939,5.505,06:00-12:00
Murcia,A-7,2026-01-18T08:00:00Z,6,567.548,597.23,06:00-12:00
Murcia,MU-33,2026-01-18T09:00:00Z,4,6.879,13.109,06:00-12:00
Murcia,MU-32,2026-01-18T10:00:00Z,3,3.008,4.268,06:00-12:00
Murcia,A-7,2026-01-18T11:00:00Z,3,567.749,609.005,06:00-12:00
Murcia,A-30,2026-01-18T12:00:00Z,2,87.63,94.236,12:00-18:00
Murcia,A-30,2026-01-18T16:00:00Z,1,144.212,144.212,12:00-18:00
Murcia,A-7,2026-01-18T17:00:00Z,1,565.165,565.165,12:00-18:00
Málaga,A-357,2026-01-17T10:00:00Z,1,37.027,37.027,06:00-12:00
Málaga,A-7,2026-01-17T11:00:00Z,3,968.181,1010.162,06:00-12:00
Málaga,A-357,2026-01-17T12:00:00Z,3,47.257,67.066,12:00-18:00
Málaga,A-7,2026-01-17T13:00:00Z,3,977.038,1052.202,12:00-18:00
Málaga,A-7,2026-01-17T19:00:00Z,2,924.897,957.231,18:00-00:00
Málaga,A-7,2026-01-17T20:00:00Z,7,975.924,1056.985,18:00-00:00
Málaga,A-7,2026-01-17T21:00:00Z,8,952.243,1013.559,18:00-00:00
Málaga,A-7,2026-01-17T22:00:00Z,4,963.566,1066.006,18:00-00:00
Málaga,MA-6414,2026-01-17T23:00:00Z,2,3.188,4.01,18:00-00:00
Málaga,A-7,2026-01-18T00:00:00Z,3,973.542,1075.986,00:00-06:00
Málaga,A-7053,2026-01-18T01:00:00Z,2,13.233,14.03,00:00-06:00
Málaga,A-7,2026-01-18T02:00:00Z,4,1037.142,1070.282,00:00-06:00
Málaga,A-7,2026-01-18T03:00:00Z,2,1066.293,1074.14,00:00-06:00
Málaga,A-7,2026-01-18T04:00:00Z,3,986.527,1061.133,00:00-06:00
Málaga,MA-20,2026-01-18T05:00:00Z,2,6.072,6.517,00:00-06:00
Málaga,A-7,2026-01-18T06:00:00Z,1,981.308,981.308,06:00-12:00
Málaga,A-397,2026-01-18T07:00:00Z,1,5.078,5.078,06:00-12:00
Málaga,A-357,2026-01-18T08:00:00Z,1,42.838,42.838,06:00-12:00
Málaga,A-7,2026-01-18T09:00:00Z,4,945.917,1036.49,06:00-12:00
Málaga,A-7,2026-01-18T10:00:00Z,5,957.564,1059.649,06:00-12:00
Málaga,A-343,2026-01-18T11:00:00Z,3,6.561,42.063,06:00-12:00
Málaga,A-7,2026-01-18T12:00:00Z,6,962.887,1036.745,12:00-18:00
Málaga,A-366,2026-01-18T16:00:00Z,1,60.731,60.731,12:00-18:00
Málaga,A-45,2026-01-18T17:00:00Z,1,117.229,117.229,12:00-18:00
Navarra,NA-8304,2026-01-17T10:00:00Z,1,1.367,1.367,06:00-12:00
Navarra,NA-1110,2026-01-17T11:00:00Z,1,13.308,13.308,06:00-12:00
Navarra,A-1,2026-01-17T12:00:00Z,1,394.903,394.903,12:00-18:00
Navarra,NA-115,2026-01-17T13:00:00Z,2,2.607,5.626,12:00-18:00
Navarra,A-12,2026-01-17T19:00:00Z,1,28.736,28.736,18:00-00:00
Navarra,A-12,2026-01-17T20:00:00Z,2,5.827,67.914,18:00-00:00
Navarra,AP-15,2026-01-17T21:00:00Z,2,70.461,80.474,18:00-00:00
Navarra,N-121-A,2026-01-17T22:00:00Z,2,19.179,37.918,18:00-00:00
Navarra,A-68,2026-01-17T23:00:00Z,1,102.632,102.632,18:00-00:00
Navarra,A-68,2026-01-18T00:00:00Z,2,99.674,105.163,00:00-06:00
Navarra,PA-30,2026-01-18T01:00:00Z,1,5.733,5.733,00:00-06:00
Navarra,PA-31,2026-01-18T02:00:00Z,1,1.574,1.574,00:00-06:00
Navarra,A-21,2026-01-18T04:00:00Z,1,22.312,22.312,00:00-06:00
Navarra,NA-6920,2026-01-18T05:00:00Z,1,4.114,4.114,00:00-06:00
Navarra,NA-123,2026-01-18T07:00:00Z,1,7.593,7.593,06:00-12:00
Navarra,NA-6220,2026-01-18T08:00:00Z,1,1.658,1.658,06:00-12:00
Navarra,NA-126,2026-01-18T10:00:00Z,1,7.778,7.778,06:00-12:00
Navarra,A-15,2026-01-18T11:00:00Z,4,86.909,95.298,06:00-12:00
Navarra,N-121C,2026-01-18T12:00:00Z,2,5.4,10.082,12:00-18:00
Navarra,A-15,2026-01-18T16:00:00Z,1,117.243,117.243,12:00-18:00
Navarra,A-10,2026-01-18T17:00:00Z,1,0.201,0.201,12:00-18:00
Ourense,OU-540,2026-01-17T10:00:00Z,1,15.336,15.336,06:00-12:00
Ourense,AG-31,2026-01-17T11:00:00Z,1,7.756,7.756,06:00-12:00
Ourense,A-52,2026-01-17T13:00:00Z,1,187.135,187.135,12:00-18:00
Ourense,N-541,2026-01-17T20:00:00Z,2,25.744,26.468,18:00-00:00
Ourense,A-52,2026-01-17T21:00:00Z,2,175.227,194.223,18:00-00:00
Ourense,A-52,2026-01-17T22:00:00Z,2,194.225,215.687,18:00-00:00
Ourense,N-120,2026-01-18T00:00:00Z,2,440.741,446.135,00:00-06:00
Ourense,AG-31,2026-01-18T01:00:00Z,1,13.329,13.329,00:00-06:00
Ourense,OU-206,2026-01-18T02:00:00Z,1,0.218,0.218,00:00-06:00
Ourense,OU-206,2026-01-18T03:00:00Z,2,0.218,0.218,00:00-06:00
Ourense,N-120,2026-01-18T04:00:00Z,1,604.518,604.518,00:00-06:00
Ourense,OU-0508,2026-01-18T05:00:00Z,1,1.323,1.323,00:00-06:00
Ourense,OU-206,2026-01-18T06:00:00Z,1,0.218,0.218,06:00-12:00
Ourense,N-120,2026-01-18T08:00:00Z,2,567.889,571.031,06:00-12:00
Ourense,N-120,2026-01-18T09:00:00Z,1,571.864,571.864,06:00-12:00
Ourense,A-75,2026-01-18T10:00:00Z,2,8.287,12.498,06:00-12:00
Ourense,N-120,2026-01-18T11:00:00Z,1,571.845,571.845,06:00-12:00
Ourense,N-120,2026-01-18T12:00:00Z,1,573.581,573.581,12:00-18:00
Ourense,OU-533,2026-01-18T17:00:00Z,1,40.089,40.089,12:00-18:00
Palencia,PP-2203,2026-01-17T10:00:00Z,1,4.341,4.341,06:00-12:00
Palencia,A-610,2026-01-17T11:00:00Z,1,0.052,0.052,06:00-12:00
Palencia,N-611,2026-01-17T12:00:00Z,1,59.046,59.046,12:00-18:00
Palencia,N-120,2026-01-17T13:00:00Z,2,183.02,187.401,12:00-18:00
Palencia,P-913,2026-01-17T20:00:00Z,1,0.191,0.191,18:00-00:00
Palencia,A-62,2026-01-18T02:00:00Z,1,93.656,93.656,00:00-06:00
Palencia,P-220,2026-01-18T07:00:00Z,1,6.91,6.91,06:00-12:00
Palencia,A-62,2026-01-18T10:00:00Z,2,55.628,79.306,06:00-12:00
Palencia,A-67,2026-01-18T11:00:00Z,4,3.872,98.022,06:00-12:00
Palencia,A-67,2026-01-18T12:00:00Z,1,97.869,97.869,12:00-18:00
Palencia,P-230,2026-01-18T17:00:00Z,1,21.663,21.663,12:00-18:00
Pontevedra,A-55,2026-01-17T10:00:00Z,1,11.983,11.983,06:00-12:00
Pontevedra,A-52,2026-01-17T11:00:00Z,1,282.08,282.08,06:00-12:00
Pontevedra,EP-1308,2026-01-17T12:00:00Z,2,0.235,0.252,12:00-18:00
Pontevedra,AP-9,2026-01-17T13:00:00Z,1,129.321,129.321,12:00-18:00
Pontevedra,N-640,2026-01-17T19:00:00Z,1,215.492,215.492,18:00-00:00
Pontevedra,AP-9,2026-01-17T20:00:00Z,2,146.588,148.5,18:00-00:00
Pontevedra,PO-403,2026-01-17T21:00:00Z,3,10.653,11.235,18:00-00:00
Pontevedra,A-52,2026-01-17T22:00:00Z,2,278.604,285.546,18:00-00:00
Pontevedra,A-55,2026-01-17T23:00:00Z,2,9.257,14.708,18:00-00:00
Pontevedra,A-52,2026-01-18T00:00:00Z,1,275.271,275.271,00:00-06:00
Pontevedra,AG-46,2026-01-18T01:00:00Z,1,0.005,0.005,00:00-06:00
Pontevedra,A-52,2026-01-18T02:00:00Z,1,275.282,275.282,00:00-06:00
Pontevedra,PO-551,2026-01-18T03:00:00Z,1,0.591,0.591,00:00-06:00
Pontevedra,A-55,2026-01-18T04:00:00Z,1,3.077,3.077,00:00-06:00
Pontevedra,PO-403,2026-01-18T05:00:00Z,1,10.641,10.641,00:00-06:00
Pontevedra,A-52,2026-01-18T06:00:00Z,4,290.363,306.142,06:00-12:00
Pontevedra,EP-9305,2026-01-18T07:00:00Z,2,1.059,3.832,06:00-12:00
Pontevedra,EP-2906,2026-01-18T08:00:00Z,2,1.368,1.368,06:00-12:00
Pontevedra,A-55,2026-01-18T09:00:00Z,1,18.249,18.249,06:00-12:00
Pontevedra,A-52,2026-01-18T10:00:00Z,1,274.507,274.507,06:00-12:00
Pontevedra,A-52,2026-01-18T11:00:00Z,5,275.599,286.57,06:00-12:00
Pontevedra,AP-9,2026-01-18T12:00:00Z,4,127.019,146.328,12:00-18:00
Pontevedra,N-552,2026-01-18T16:00:00Z,1,9.614,9.614,12:00-18:00
Pontevedra,AG-41,2026-01-18T17:00:00Z,1,7.207,7.207,12:00-18:00
Salamanca,A-50,2026-01-17T10:00:00Z,1,60.219,60.219,06:00-12:00
Salamanca,SA-212,2026-01-17T11:00:00Z,1,0,0,06:00-12:00
Salamanca,DSA-653,2026-01-17T12:00:00Z,1,1.778,1.778,12:00-18:00
Salamanca,CL-512,2026-01-17T13:00:00Z,2,10.278,21.564,12:00-18:00
Salamanca,DSA-560,2026-01-17T19:00:00Z,1,16.299,16.299,18:00-00:00
Salamanca,A-62,2026-01-17T20:00:00Z,4,207.301,226.451,18:00-00:00
Salamanca,SA-605,2026-01-17T21:00:00Z,2,15.61,20.59,18:00-00:00
Salamanca,SA-212,2026-01-17T22:00:00Z,2,6.275,11.162,18:00-00:00
Salamanca,A-66,2026-01-18T00:00:00Z,2,372.304,381.493,00:00-06:00
Salamanca,A-66,2026-01-18T01:00:00Z,1,389.549,389.549,00:00-06:00
Salamanca,A-66,2026-01-18T04:00:00Z,1,408.18,408.18,00:00-06:00
Salamanca,A-66,2026-01-18T05:00:00Z,1,392.184,392.184,00:00-06:00
Salamanca,A-62,2026-01-18T10:00:00Z,4,301.553,321.807,06:00-12:00
Salamanca,A-62,2026-01-18T11:00:00Z,1,298.023,298.023,06:00-12:00
Salamanca,CL-517,2026-01-18T12:00:00Z,1,103.105,103.105,12:00-18:00
Salamanca,A-66,2026-01-18T16:00:00Z,1,375.036,375.036,12:00-18:00
Salamanca,CL-517,2026-01-18T17:00:00Z,1,2.058,2.058,12:00-18:00
Santa Cruz de Tenerife,TF-312,2026-01-17T10:00:00Z,2,4.373,4.732,06:00-12:00
Santa Cruz de Tenerife,TF-1,2026-01-17T11:00:00Z,2,58.459,60.73,06:00-12:00
Santa Cruz de Tenerife,TF-5,2026-01-17T12:00:00Z,2,8.376,30.745,12:00-18:00
Santa Cruz de Tenerife,TF-5,2026-01-17T13:00:00Z,2,24.243,28.355,12:00-18:00
Santa Cruz de Tenerife,LP-2,2026-01-17T19:00:00Z,1,13.43,13.43,18:00-00:00
Santa Cruz de Tenerife,TF-5,2026-01-17T20:00:00Z,3,1.2,33.728,18:00-00:00
Santa Cruz de Tenerife,TF-1,2026-01-17T21:00:00Z,3,62.238,71.922,18:00-00:00
Santa Cruz de Tenerife,TF-13,2026-01-17T22:00:00Z,2,6.215,7.618,18:00-00:00
Santa Cruz de Tenerife,TF-1,2026-01-17T23:00:00Z,2,7.926,12.795,18:00-00:00
Santa Cruz de Tenerife,LP-1,2026-01-18T01:00:00Z,2,6.474,7.32,00:00-06:00
Santa Cruz de Tenerife,LP-213,2026-01-18T02:00:00Z,1,7.581,7.581,00:00-06:00
Santa Cruz de Tenerife,TF-28,2026-01-18T03:00:00Z,1,3.57,3.57,00:00-06:00
Santa Cruz de Tenerife,TF-5,2026-01-18T06:00:00Z,2,5.545,7.324,06:00-12:00
Santa Cruz de Tenerife,TF-1,2026-01-18T07:00:00Z,2,21.443,93.116,06:00-12:00
Santa Cruz de Tenerife,TF-1,2026-01-18T08:00:00Z,4,5.649,77.156,06:00-12:00
Santa Cruz de Tenerife,TF-1,2026-01-18T09:00:00Z,5,52.918,72.776,06:00-12:00
Santa Cruz de Tenerife,TF-324,2026-01-18T10:00:00Z,5,0.564,4.128,06:00-12:00
Santa Cruz de Tenerife,TF-13,2026-01-18T11:00:00Z,6,4.642,17.072,06:00-12:00
Santa Cruz de Tenerife,TF-5,2026-01-18T12:00:00Z,4,3.351,44.509,12:00-18:00
Santa Cruz de Tenerife,TF-1,2026-01-18T16:00:00Z,1,81.194,81.194,12:00-18:00
Santa Cruz de Tenerife,TF-281,2026-01-18T17:00:00Z,2,1.902,2.233,12:00-18:00
Segovia,SG-V-7212,2026-01-17T10:00:00Z,2,3.85,4.379,06:00-12:00
Segovia,CL-603,2026-01-17T11:00:00Z,1,76.269,76.269,06:00-12:00
Segovia,N-6,2026-01-17T13:00:00Z,2,64.159,83.342,12:00-18:00
Segovia,N-110,2026-01-17T20:00:00Z,1,162.183,162.183,18:00-00:00
Segovia,SG-500,2026-01-17T22:00:00Z,2,3.021,3.932,18:00-00:00
Segovia,N-110,2026-01-18T02:00:00Z,1,185.121,185.121,00:00-06:00
Segovia,A-6,2026-01-18T03:00:00Z,1,126.807,126.807,00:00-06:00
Segovia,A-601,2026-01-18T04:00:00Z,1,62.66,62.66,00:00-06:00
Segovia,A-601,2026-01-18T05:00:00Z,1,62.602,62.602,00:00-06:00
Segovia,A-601,2026-01-18T06:00:00Z,1,59.815,59.815,06:00-12:00
Segovia,N-110,2026-01-18T07:00:00Z,1,206.139,206.139,06:00-12:00
Segovia,SG-205,2026-01-18T08:00:00Z,5,0.562,29.783,06:00-12:00
Segovia,N-6,2026-01-18T09:00:00Z,2,64.232,84.142,06:00-12:00
Segovia,N-6,2026-01-18T10:00:00Z,4,56.839,95.378,06:00-12:00
Segovia,N-6,2026-01-18T11:00:00Z,5,57.624,95.812,06:00-12:00
Segovia,AP-6,2026-01-18T12:00:00Z,2,60.476,63.511,12:00-18:00
Segovia,AP-6,2026-01-18T16:00:00Z,1,59.367,59.367,12:00-18:00
Segovia,N-6,2026-01-18T17:00:00Z,1,67.494,67.494,12:00-18:00
Sevilla,A-49,2026-01-17T10:00:00Z,2,0,7.649,06:00-12:00
Sevilla,A-4,2026-01-17T11:00:00Z,4,475.285,554.257,06:00-12:00
Sevilla,A-457R1,2026-01-17T12:00:00Z,2,1.893,1.992,12:00-18:00
Sevilla,A-4,2026-01-17T13:00:00Z,2,520.781,528.27,12:00-18:00
Sevilla,A-8001,2026-01-17T19:00:00Z,1,3.619,3.619,18:00-00:00
Sevilla,A-360,2026-01-17T20:00:00Z,1,23.766,23.766,18:00-00:00
Sevilla,A-92,2026-01-17T21:00:00Z,4,86.19,111.745,18:00-00:00
Sevilla,A-8007,2026-01-17T22:00:00Z,2,0.079,0.584,18:00-00:00
Sevilla,SE-30,2026-01-17T23:00:00Z,9,0.263,14.795,18:00-00:00
Sevilla,A-398,2026-01-18T00:00:00Z,1,6.412,6.412,00:00-06:00
Sevilla,A-8028,2026-01-18T01:00:00Z,1,1.008,1.008,00:00-06:00
Sevilla,A-4,2026-01-18T02:00:00Z,1,536.572,536.572,00:00-06:00
Sevilla,SE-30,2026-01-18T03:00:00Z,3,9.649,12.151,00:00-06:00
Sevilla,SE-30,2026-01-18T04:00:00Z,2,5.779,12.288,00:00-06:00
Sevilla,A-92,2026-01-18T05:00:00Z,1,0.433,0.433,00:00-06:00
Sevilla,A-4,2026-01-18T06:00:00Z,1,523.341,523.341,06:00-12:00
Sevilla,SE-30,2026-01-18T07:00:00Z,3,4.938,13.657,06:00-12:00
Sevilla,SE-20,2026-01-18T08:00:00Z,2,8.265,10.394,06:00-12:00
Sevilla,A-92,2026-01-18T09:00:00Z,4,8.544,118.471,06:00-12:00
Sevilla,A-474,2026-01-18T10:00:00Z,2,11.403,11.896,06:00-12:00
Sevilla,A-49,2026-01-18T11:00:00Z,5,1.197,19.519,06:00-12:00
Sevilla,A-4,2026-01-18T12:00:00Z,4,480.256,549.823,12:00-18:00
Sevilla,A-49,2026-01-18T16:00:00Z,1,7.754,7.754,12:00-18:00
Sevilla,A-4,2026-01-18T17:00:00Z,1,464.264,464.264,12:00-18:00
Soria,N-122,2026-01-17T11:00:00Z,2,105.422,108.713,06:00-12:00
Soria,A-15,2026-01-17T13:00:00Z,1,50.13,50.13,12:00-18:00
Soria,A-2,2026-01-17T20:00:00Z,2,146.676,147.782,18:00-00:00
Soria,N-234,2026-01-17T21:00:00Z,3,347.266,382.442,18:00-00:00
Soria,A-2,2026-01-17T23:00:00Z,1,174.496,174.496,18:00-00:00
Soria,SO-P-4245,2026-01-18T00:00:00Z,1,1.871,1.871,00:00-06:00
Soria,SO-P-1205,2026-01-18T07:00:00Z,1,7.736,7.736,06:00-12:00
Soria,SO-P-1205,2026-01-18T08:00:00Z,1,1.158,1.158,06:00-12:00
Soria,SO-P-1205,2026-01-18T09:00:00Z,1,7.744,7.744,06:00-12:00
Soria,A-15,2026-01-18T10:00:00Z,3,58.868,59.72,06:00-12:00
Soria,SO-P-1120,2026-01-18T12:00:00Z,2,0.67,6.401,12:00-18:00
Soria,SO-615,2026-01-18T16:00:00Z,1,26.104,26.104,12:00-18:00
Tarragona,AP-2,2026-01-17T10:00:00Z,1,203.299,203.299,06:00-12:00
Tarragona,A-7,2026-01-17T11:00:00Z,1,1149.955,1149.955,06:00-12:00
Tarragona,C-14,2026-01-17T12:00:00Z,1,8.006,8.006,12:00-18:00
Tarragona,C-51,2026-01-17T13:00:00Z,1,19.599,19.599,12:00-18:00
Tarragona,N-240,2026-01-17T19:00:00Z,1,36.763,36.763,18:00-00:00
Tarragona,N-340,2026-01-17T20:00:00Z,1,1187.767,1187.767,18:00-00:00
Tarragona,N-420,2026-01-17T21:00:00Z,1,829.692,829.692,18:00-00:00
Tarragona,N-420,2026-01-17T23:00:00Z,1,852.863,852.863,18:00-00:00
Tarragona,T-210,2026-01-18T00:00:00Z,1,3.425,3.425,00:00-06:00
Tarragona,C-14,2026-01-18T01:00:00Z,1,7.643,7.643,00:00-06:00
Tarragona,T-210,2026-01-18T02:00:00Z,1,3.424,3.424,00:00-06:00
Tarragona,T-210,2026-01-18T03:00:00Z,2,3.423,3.426,00:00-06:00
Tarragona,N-420,2026-01-18T04:00:00Z,1,799.009,799.009,00:00-06:00
Tarragona,C-31,2026-01-18T05:00:00Z,1,138.372,138.372,00:00-06:00
Tarragona,C-14,2026-01-18T06:00:00Z,1,13.539,13.539,06:00-12:00
Tarragona,C-14,2026-01-18T07:00:00Z,1,12.436,12.436,06:00-12:00
Tarragona,A-7,2026-01-18T08:00:00Z,1,1147.353,1147.353,06:00-12:00
Tarragona,AP-7,2026-01-18T10:00:00Z,2,254.649,286.311,06:00-12:00
Tarragona,A-7,2026-01-18T11:00:00Z,1,1157.446,1157.446,06:00-12:00
Tarragona,AP-7,2026-01-18T12:00:00Z,1,241.107,241.107,12:00-18:00
Tarragona,N-340,2026-01-18T16:00:00Z,1,1126.575,1126.575,12:00-18:00
Tarragona,A-7,2026-01-18T17:00:00Z,1,1159.748,1159.748,12:00-18:00
Teruel,A-23,2026-01-17T10:00:00Z,1,151.215,151.215,06:00-12:00
Teruel,N-232,2026-01-17T11:00:00Z,2,161.006,184.503,06:00-12:00
Teruel,A-1512,2026-01-17T13:00:00Z,1,28.72,28.72,12:00-18:00
Teruel,A-2705,2026-01-17T19:00:00Z,1,4.423,4.423,18:00-00:00
Teruel,A-228,2026-01-17T20:00:00Z,1,31.648,31.648,18:00-00:00
Teruel,N-211,2026-01-17T23:00:00Z,1,178.781,178.781,18:00-00:00
Teruel,A-2402,2026-01-18T00:00:00Z,3,1.218,11.581,00:00-06:00
Teruel,N-223,2026-01-18T07:00:00Z,1,1.249,1.249,06:00-12:00
Teruel,N-232,2026-01-18T08:00:00Z,3,165.994,177.477,06:00-12:00
Teruel,N-232,2026-01-18T09:00:00Z,3,165.262,186.754,06:00-12:00
Teruel,A-1406,2026-01-18T10:00:00Z,1,5.189,5.189,06:00-12:00
Teruel,TE-V-8215,2026-01-18T11:00:00Z,1,0.144,0.144,06:00-12:00
Teruel,A-228,2026-01-18T12:00:00Z,2,31.785,32.605,12:00-18:00
Toledo,CM-4009a,2026-01-17T10:00:00Z,2,16.431,16.432,06:00-12:00
Toledo,A-42,2026-01-17T11:00:00Z,3,32.338,61.723,06:00-12:00
Toledo,TO-23,2026-01-17T12:00:00Z,2,3.809,6.047,12:00-18:00
Toledo,CM-4010,2026-01-17T13:00:00Z,3,17.329,18.183,12:00-18:00
Toledo,N-403a,2026-01-17T19:00:00Z,2,28.428,28.429,18:00-00:00
Toledo,CM-5001,2026-01-17T20:00:00Z,5,15.075,25.185,18:00-00:00
Toledo,A-42,2026-01-17T21:00:00Z,5,36.764,73.438,18:00-00:00
Toledo,A-40,2026-01-17T22:00:00Z,5,101.508,127.016,18:00-00:00
Toledo,A-42,2026-01-17T23:00:00Z,4,42.381,75.435,18:00-00:00
Toledo,TO-1927,2026-01-18T00:00:00Z,4,2.525,2.525,00:00-06:00
Toledo,A-4,2026-01-18T01:00:00Z,4,36.308,40.824,00:00-06:00
Toledo,A-42,2026-01-18T02:00:00Z,1,60.931,60.931,00:00-06:00
Toledo,A-5,2026-01-18T03:00:00Z,1,68.792,68.792,00:00-06:00
Toledo,A-40,2026-01-18T04:00:00Z,4,111.257,130.198,00:00-06:00
Toledo,A-42,2026-01-18T05:00:00Z,3,31.262,47.455,00:00-06:00
Toledo,A-40,2026-01-18T06:00:00Z,3,107.597,125.339,06:00-12:00
Toledo,A-5,2026-01-18T07:00:00Z,3,37.799,70.998,06:00-12:00
Toledo,A-42,2026-01-18T08:00:00Z,1,33.343,33.343,06:00-12:00
Toledo,A-42,2026-01-18T09:00:00Z,2,67.561,68.812,06:00-12:00
Toledo,A-4,2026-01-18T10:00:00Z,3,56.666,70.316,06:00-12:00
Toledo,CM-4013,2026-01-18T11:00:00Z,3,7.478,11.635,06:00-12:00
Toledo,A-42,2026-01-18T12:00:00Z,3,30.637,51.039,12:00-18:00
Toledo,CM-5006,2026-01-18T16:00:00Z,1,17.211,17.211,12:00-18:00
Toledo,A-4,2026-01-18T17:00:00Z,1,61.581,61.581,12:00-18:00
Valladolid,A-11,2026-01-17T10:00:00Z,1,357.97,357.97,06:00-12:00
Valladolid,A-6,2026-01-17T11:00:00Z,1,186.218,186.218,06:00-12:00
Valladolid,CL-602,2026-01-17T12:00:00Z,1,41.47,41.47,12:00-18:00
Valladolid,N-122,2026-01-17T13:00:00Z,1,393.818,393.818,12:00-18:00
Valladolid,A-6,2026-01-17T19:00:00Z,1,148.619,148.619,18:00-00:00
Valladolid,A-62,2026-01-17T20:00:00Z,4,169.407,184.938,18:00-00:00
Valladolid,VA-801,2026-01-17T21:00:00Z,7,14.086,41.458,18:00-00:00
Valladolid,A-601,2026-01-17T22:00:00Z,1,7.416,7.416,18:00-00:00
Valladolid,CL-610,2026-01-18T00:00:00Z,1,4.488,4.488,00:00-06:00
Valladolid,CL-602,2026-01-18T01:00:00Z,1,40.384,40.384,00:00-06:00
Valladolid,A-6,2026-01-18T02:00:00Z,1,215.733,215.733,00:00-06:00
Valladolid,A-11,2026-01-18T03:00:00Z,1,399.832,399.832,00:00-06:00
Valladolid,A-6,2026-01-18T07:00:00Z,4,181.421,217.831,06:00-12:00
Valladolid,A-6,2026-01-18T08:00:00Z,4,146.041,172.352,06:00-12:00
Valladolid,A-6,2026-01-18T09:00:00Z,4,140.735,163.266,06:00-12:00
Valladolid,A-6,2026-01-18T10:00:00Z,2,162.801,169.48,06:00-12:00
Valladolid,A-62,2026-01-18T11:00:00Z,6,132.135,165.114,06:00-12:00
Valladolid,A-62,2026-01-18T12:00:00Z,10,115.811,164.746,12:00-18:00
Valladolid,N-601,2026-01-18T16:00:00Z,1,163.928,163.928,12:00-18:00
Valladolid,N-601,2026-01-18T17:00:00Z,3,183.274,185.824,12:00-18:00
València/Valencia,V-31,2026-01-17T10:00:00Z,2,0.709,7.791,06:00-12:00
València/Valencia,A-3,2026-01-17T11:00:00Z,5,296.747,349.424,06:00-12:00
València/Valencia,CV-35,2026-01-17T12:00:00Z,2,13.383,19.688,12:00-18:00
València/Valencia,CV-35,2026-01-17T13:00:00Z,2,13.383,20.191,12:00-18:00
València/Valencia,AP-7,2026-01-17T19:00:00Z,1,576.687,576.687,18:00-00:00
València/Valencia,CV-35,2026-01-17T20:00:00Z,3,3.733,49.278,18:00-00:00
València/Valencia,A-3,2026-01-17T21:00:00Z,2,315.619,348.367,18:00-00:00
València/Valencia,CV-30,2026-01-17T22:00:00Z,2,2.23,3.262,18:00-00:00
València/Valencia,A-3,2026-01-17T23:00:00Z,3,344.536,351.844,18:00-00:00
València/Valencia,A-3,2026-01-18T00:00:00Z,2,345.029,348.357,00:00-06:00
València/Valencia,CV-336,2026-01-18T01:00:00Z,3,7.362,8.294,00:00-06:00
València/Valencia,A-7,2026-01-18T02:00:00Z,1,392.588,392.588,00:00-06:00
València/Valencia,V-21,2026-01-18T03:00:00Z,2,11.115,12.091,00:00-06:00
València/Valencia,V-30,2026-01-18T04:00:00Z,6,3.366,12.991,00:00-06:00
València/Valencia,A-3,2026-01-18T05:00:00Z,1,321.365,321.365,00:00-06:00
València/Valencia,A-7,2026-01-18T06:00:00Z,3,320.376,324.682,06:00-12:00
València/Valencia,A-7,2026-01-18T07:00:00Z,4,301.994,344.767,06:00-12:00
València/Valencia,N-332,2026-01-18T08:00:00Z,4,205.076,214.763,06:00-12:00
València/Valencia,A-7,2026-01-18T09:00:00Z,4,299.135,323.653,06:00-12:00
València/Valencia,CV-35,2026-01-18T10:00:00Z,4,55.592,68.189,06:00-12:00
València/Valencia,A-7,2026-01-18T11:00:00Z,3,315.151,389.138,06:00-12:00
València/Valencia,CV-50,2026-01-18T12:00:00Z,5,0.692,31.697,12:00-18:00
València/Valencia,CV-300,2026-01-18T16:00:00Z,1,3.837,3.837,12:00-18:00
València/Valencia,CV-35,2026-01-18T17:00:00Z,1,66.63,66.63,12:00-18:00
Zamora,N-122,2026-01-17T10:00:00Z,1,517.331,517.331,06:00-12:00
Zamora,A-11,2026-01-17T11:00:00Z,1,421.887,421.887,06:00-12:00
Zamora,A-6,2026-01-17T12:00:00Z,1,273.82,273.82,12:00-18:00
Zamora,CL-605,2026-01-17T13:00:00Z,1,119.22,119.22,12:00-18:00
Zamora,ZA-602,2026-01-17T19:00:00Z,1,5.694,5.694,18:00-00:00
Zamora,ZA-602,2026-01-17T20:00:00Z,2,7.708,12.74,18:00-00:00
Zamora,ZA-602,2026-01-17T21:00:00Z,3,9.088,20.191,18:00-00:00
Zamora,ZA-605,2026-01-17T22:00:00Z,1,35.47,35.47,18:00-00:00
Zamora,ZA-902,2026-01-18T00:00:00Z,1,10.286,10.286,00:00-06:00
Zamora,ZA-925,2026-01-18T02:00:00Z,1,1.625,1.625,00:00-06:00
Zamora,A-6,2026-01-18T07:00:00Z,6,226.73,273.417,06:00-12:00
Zamora,ZA-20,2026-01-18T08:00:00Z,3,0.478,3.353,06:00-12:00
Zamora,ZA-13,2026-01-18T09:00:00Z,1,0.834,0.834,06:00-12:00
Zamora,A-66,2026-01-18T10:00:00Z,1,197.005,197.005,06:00-12:00
Zamora,A-52,2026-01-18T11:00:00Z,1,43.77,43.77,06:00-12:00
Zamora,ZA-713,2026-01-18T12:00:00Z,1,0.044,0.044,12:00-18:00
Zamora,A-11,2026-01-18T16:00:00Z,1,423.369,423.369,12:00-18:00
Zamora,N-525,2026-01-18T17:00:00Z,1,43.536,43.536,12:00-18:00
Zaragoza,A-23,2026-01-17T10:00:00Z,1,222.341,222.341,06:00-12:00
Zaragoza,A-68,2026-01-17T11:00:00Z,2,247.593,250.526,06:00-12:00
Zaragoza,N-232,2026-01-17T12:00:00Z,2,242.606,251.219,12:00-18:00
Zaragoza,A-2,2026-01-17T13:00:00Z,3,315.671,326.599,12:00-18:00
Zaragoza,A-124,2026-01-17T19:00:00Z,1,0.626,0.626,18:00-00:00
Zaragoza,N-232,2026-01-17T20:00:00Z,5,223.578,253.174,18:00-00:00
Zaragoza,A-2,2026-01-17T21:00:00Z,9,186.673,323.93,18:00-00:00
Zaragoza,A-2,2026-01-17T22:00:00Z,7,240.172,322.755,18:00-00:00
Zaragoza,A-2,2026-01-17T23:00:00Z,7,180.955,220.254,18:00-00:00
Zaragoza,N-232,2026-01-18T00:00:00Z,1,243.316,243.316,00:00-06:00
Zaragoza,AP-68,2026-01-18T01:00:00Z,1,239.568,239.568,00:00-06:00
Zaragoza,AP-68,2026-01-18T03:00:00Z,2,243.685,247.576,00:00-06:00
Zaragoza,N-2,2026-01-18T04:00:00Z,1,390.634,390.634,00:00-06:00
Zaragoza,N-232,2026-01-18T05:00:00Z,1,253.265,253.265,00:00-06:00
Zaragoza,A-2,2026-01-18T06:00:00Z,2,339.114,339.816,06:00-12:00
Zaragoza,N-232,2026-01-18T07:00:00Z,3,211.149,243.391,06:00-12:00
Zaragoza,N-232,2026-01-18T08:00:00Z,7,193.195,243.822,06:00-12:00
Zaragoza,N-232,2026-01-18T09:00:00Z,3,193.027,203.175,06:00-12:00
Zaragoza,A-122,2026-01-18T10:00:00Z,1,31.687,31.687,06:00-12:00
Zaragoza,Z-40,2026-01-18T11:00:00Z,2,26.236,29.875,06:00-12:00
Zaragoza,Z-40,2026-01-18T12:00:00Z,3,26.256,31.635,12:00-18:00
Zaragoza,N-330,2026-01-18T16:00:00Z,1,518.437,518.437,12:00-18:00
Ávila,CL-501,2026-01-17T10:00:00Z,1,50.862,50.862,06:00-12:00
Ávila,AP-6,2026-01-17T11:00:00Z,1,102.254,102.254,06:00-12:00
Ávila,CL-501,2026-01-17T19:00:00Z,1,50.892,50.892,18:00-00:00
Ávila,CL-501,2026-01-17T20:00:00Z,5,29.421,55.845,18:00-00:00
Ávila,CL-501,2026-01-17T21:00:00Z,2,50.815,60.52,18:00-00:00
Ávila,N-6,2026-01-17T22:00:00Z,2,103.991,109.679,18:00-00:00
Ávila,N-403,2026-01-17T23:00:00Z,1,133.914,133.914,18:00-00:00
Ávila,A-6,2026-01-18T03:00:00Z,2,123.752,132.851,00:00-06:00
Ávila,CL-501,2026-01-18T06:00:00Z,1,50.807,50.807,06:00-12:00
Ávila,AV-804,2026-01-18T07:00:00Z,1,44.725,44.725,06:00-12:00
Ávila,A-6,2026-01-18T08:00:00Z,3,118.333,137.018,06:00-12:00
Ávila,A-6,2026-01-18T09:00:00Z,2,127.558,134.227,06:00-12:00
Ávila,AV-500,2026-01-18T10:00:00Z,2,1.943,5.333,06:00-12:00
Ávila,AV-804,2026-01-18T11:00:00Z,2,30.013,35.123,06:00-12:00
Ávila,N-6,2026-01-18T12:00:00Z,3,90.988,109.588,12:00-18:00
Ávila,CL-501,2026-01-18T16:00:00Z,1,50.882,50.882,12:00-18:00
Ávila,N-110,2026-01-18T17:00:00Z,1,335.455,335.455,12:00-18:00
