Level,Scope,Timestamp,Count,Avg_Mins,Med_Mins
Nacional,Total,2026-01-17T10:00:00Z,113,34.529646017699115,30.67
Nacional,Total,2026-01-17T11:00:00Z,321,14.663644859813084,11.17
Nacional,Total,2026-01-17T12:00:00Z,205,30.747756097560977,33.89
Nacional,Total,2026-01-17T13:00:00Z,232,12.248965517241379,9.934999999999999
Nacional,Total,2026-01-17T19:00:00Z,139,47.72043165467626,55.19
Nacional,Total,2026-01-17T20:00:00Z,467,18.25458244111349,13.76
Nacional,Total,2026-01-17T21:00:00Z,422,18.278459715639812,10.004999999999999
Nacional,Total,2026-01-17T22:00:00Z,319,16.250532915360502,7.92
Nacional,Total,2026-01-17T23:00:00Z,261,15.181570881226053,6.51
Nacional,Total,2026-01-18T00:00:00Z,177,20.99124293785311,8.09
Nacional,Total,2026-01-18T01:00:00Z,174,18.879425287356323,7.74
Nacional,Total,2026-01-18T02:00:00Z,155,17.246903225806452,7.91
Nacional,Total,2026-01-18T03:00:00Z,131,18.311984732824428,9.17
Nacional,Total,2026-01-18T04:00:00Z,126,17.69579365079365,9.4
Nacional,Total,2026-01-18T05:00:00Z,118,20.609491525423728,9.14
Nacional,Total,2026-01-18T06:00:00Z,139,19.50431654676259,9.99
Nacional,Total,2026-01-18T07:00:00Z,231,14.612467532467532,5.09
Nacional,Total,2026-01-18T08:00:00Z,326,16.409601226993864,8.335
Nacional,Total,2026-01-18T09:00:00Z,448,13.413013392857144,4.145
Nacional,Total,2026-01-18T10:00:00Z,548,15.762828467153284,6.745
Nacional,Total,2026-01-18T11:00:00Z,624,17.48294871794872,6.255000000000001
Nacional,Total,2026-01-18T12:00:00Z,588,10.386071428571428,4.65
Nacional,Total,2026-01-18T16:00:00Z,91,32.965824175824174,28.48
Nacional,Total,2026-01-18T17:00:00Z,98,5.250612244897959,4.205
Provincial,A Coruña,2026-01-17T10:00:00Z,3,26.35666666666667,18.7
Provincial,A Coruña,2026-01-17T11:00:00Z,6,10.74,10.845
Provincial,A Coruña,2026-01-17T12:00:00Z,6,32.86,33.730000000000004
Provincial,A Coruña,2026-01-17T13:00:00Z,11,14.931818181818182,20.79
Provincial,A Coruña,2026-01-17T19:00:00Z,9,50.56,55.19
Provincial,A Coruña,2026-01-17T20:00:00Z,31,17.22806451612903,7.16
Provincial,A Coruña,2026-01-17T21:00:00Z,19,15.392105263157895,9.89
Provincial,A Coruña,2026-01-17T22:00:00Z,7,20.942857142857143,6.79
Provincial,A Coruña,2026-01-17T23:00:00Z,6,8.081666666666667,8.805
Provincial,A Coruña,2026-01-18T00:00:00Z,4,33.695,33.075
Provincial,A Coruña,2026-01-18T01:00:00Z,1,11.77,11.77
Provincial,A Coruña,2026-01-18T02:00:00Z,6,29.123333333333335,22.715000000000003
Provincial,A Coruña,2026-01-18T03:00:00Z,6,16.633333333333333,10.899999999999999
Provincial,A Coruña,2026-01-18T04:00:00Z,3,24.590000000000003,4.44
Provincial,A Coruña,2026-01-18T05:00:00Z,7,18.944285714285716,6.17
Provincial,A Coruña,2026-01-18T07:00:00Z,1,4.38,4.38
Provincial,A Coruña,2026-01-18T08:00:00Z,5,14.06,0.69
Provincial,A Coruña,2026-01-18T09:00:00Z,16,15.860624999999999,12.105
Provincial,A Coruña,2026-01-18T10:00:00Z,22,20.09227272727273,13.16
Provincial,A Coruña,2026-01-18T11:00:00Z,16,18.339375,7.66
Provincial,A Coruña,2026-01-18T12:00:00Z,14,16.19142857142857,15.76
Provincial,A Coruña,2026-01-18T16:00:00Z,2,35.88,35.88
Provincial,A Coruña,2026-01-18T17:00:00Z,5,4.6899999999999995,3.19
Provincial,Alacant/Alicante,2026-01-17T10:00:00Z,5,41.86,52.5
Provincial,Alacant/Alicante,2026-01-17T11:00:00Z,12,10.474166666666667,8.32
Provincial,Alacant/Alicante,2026-01-17T12:00:00Z,6,21.716666666666665,15.719999999999999
Provincial,Alacant/Alicante,2026-01-17T13:00:00Z,3,7.8100000000000005,1.79
Provincial,Alacant/Alicante,2026-01-17T19:00:00Z,5,60.626,60.97
Provincial,Alacant/Alicante,2026-01-17T20:00:00Z,14,15.342857142857143,2.39
Provincial,Alacant/Alicante,2026-01-17T21:00:00Z,8,16.49125,9.18
Provincial,Alacant/Alicante,2026-01-17T22:00:00Z,15,12.188666666666666,5.32
Provincial,Alacant/Alicante,2026-01-17T23:00:00Z,17,2.98,1.47
Provincial,Alacant/Alicante,2026-01-18T00:00:00Z,1,58.06,58.06
Provincial,Alacant/Alicante,2026-01-18T01:00:00Z,4,2.485,0.79
Provincial,Alacant/Alicante,2026-01-18T02:00:00Z,2,11.83,11.83
Provincial,Alacant/Alicante,2026-01-18T03:00:00Z,5,4.604,2.04
Provincial,Alacant/Alicante,2026-01-18T04:00:00Z,4,19.87,6.875
Provincial,Alacant/Alicante,2026-01-18T05:00:00Z,2,44.339999999999996,44.339999999999996
Provincial,Alacant/Alicante,2026-01-18T06:00:00Z,7,21.60857142857143,14.21
Provincial,Alacant/Alicante,2026-01-18T07:00:00Z,7,22.97,8.73
Provincial,Alacant/Alicante,2026-01-18T08:00:00Z,22,9.30409090909091,6.37
Provincial,Alacant/Alicante,2026-01-18T09:00:00Z,37,10.376756756756757,11.91
Provincial,Alacant/Alicante,2026-01-18T10:00:00Z,24,16.585,9.739999999999998
Provincial,Alacant/Alicante,2026-01-18T11:00:00Z,33,14.643030303030303,7.43
Provincial,Alacant/Alicante,2026-01-18T12:00:00Z,25,7.9144,3.19
Provincial,Alacant/Alicante,2026-01-18T16:00:00Z,4,25.659999999999997,22.185
Provincial,Alacant/Alicante,2026-01-18T17:00:00Z,7,6.324285714285715,7.49
Provincial,Albacete,2026-01-17T10:00:00Z,1,23.27,23.27
Provincial,Albacete,2026-01-17T11:00:00Z,3,7.58,5.25
Provincial,Albacete,2026-01-17T12:00:00Z,4,24.8475,29.9
Provincial,Albacete,2026-01-17T19:00:00Z,2,55.650000000000006,55.650000000000006
Provincial,Albacete,2026-01-17T20:00:00Z,10,6.8790000000000004,1.4300000000000002
Provincial,Albacete,2026-01-17T21:00:00Z,5,16.701999999999998,11.87
Provincial,Albacete,2026-01-18T00:00:00Z,2,35.01,35.01
Provincial,Albacete,2026-01-18T01:00:00Z,2,60.095,60.095
Provincial,Albacete,2026-01-18T03:00:00Z,1,28.09,28.09
Provincial,Albacete,2026-01-18T04:00:00Z,2,43.255,43.255
Provincial,Albacete,2026-01-18T05:00:00Z,1,34.14,34.14
Provincial,Albacete,2026-01-18T06:00:00Z,1,44.49,44.49
Provincial,Albacete,2026-01-18T08:00:00Z,1,16.99,16.99
Provincial,Albacete,2026-01-18T09:00:00Z,1,23.83,23.83
Provincial,Albacete,2026-01-18T10:00:00Z,4,24.28,24.605
Provincial,Albacete,2026-01-18T11:00:00Z,8,19.72,8
Provincial,Albacete,2026-01-18T12:00:00Z,18,5.239444444444445,1.75
Provincial,Albacete,2026-01-18T17:00:00Z,2,0.7050000000000001,0.7050000000000001
Provincial,Almería,2026-01-17T11:00:00Z,6,14.726666666666667,9.799999999999999
Provincial,Almería,2026-01-17T12:00:00Z,3,53.486666666666665,51.22
Provincial,Almería,2026-01-17T13:00:00Z,2,4.545,4.545
Provincial,Almería,2026-01-17T19:00:00Z,1,68.61,68.61
Provincial,Almería,2026-01-17T20:00:00Z,13,19.782307692307693,3.64
Provincial,Almería,2026-01-17T21:00:00Z,1,38.66,38.66
Provincial,Almería,2026-01-17T22:00:00Z,8,26.193749999999998,23.915
Provincial,Almería,2026-01-17T23:00:00Z,2,36.5,36.5
Provincial,Almería,2026-01-18T00:00:00Z,2,43.8,43.8
Provincial,Almería,2026-01-18T01:00:00Z,2,24.375,24.375
Provincial,Almería,2026-01-18T02:00:00Z,8,13.19125,2.65
Provincial,Almería,2026-01-18T04:00:00Z,1,29.71,29.71
Provincial,Almería,2026-01-18T05:00:00Z,1,30.12,30.12
Provincial,Almería,2026-01-18T06:00:00Z,2,53.36,53.36
Provincial,Almería,2026-01-18T07:00:00Z,9,12.84,1.99
Provincial,Almería,2026-01-18T08:00:00Z,15,14.079333333333334,1.79
Provincial,Almería,2026-01-18T09:00:00Z,16,8.669375,1.67
Provincial,Almería,2026-01-18T10:00:00Z,16,8.98875,1.3
Provincial,Almería,2026-01-18T11:00:00Z,11,13.224545454545455,1.86
Provincial,Almería,2026-01-18T12:00:00Z,12,8.965833333333334,1.13
Provincial,Almería,2026-01-18T16:00:00Z,1,18.73,18.73
Provincial,Almería,2026-01-18T17:00:00Z,5,6.698,7.63
Provincial,Asturias,2026-01-17T11:00:00Z,11,9.061818181818182,5.99
Provincial,Asturias,2026-01-17T12:00:00Z,5,20.182000000000002,12.97
Provincial,Asturias,2026-01-17T13:00:00Z,4,8.557500000000001,3.0050000000000003
Provincial,Asturias,2026-01-17T19:00:00Z,3,65.38666666666666,65.77
Provincial,Asturias,2026-01-17T20:00:00Z,15,22.098,7.56
Provincial,Asturias,2026-01-17T21:00:00Z,15,26.476666666666667,16.84
Provincial,Asturias,2026-01-17T22:00:00Z,3,27.166666666666664,15.09
Provincial,Asturias,2026-01-17T23:00:00Z,2,51.540000000000006,51.540000000000006
Provincial,Asturias,2026-01-18T00:00:00Z,1,5.11,5.11
Provincial,Asturias,2026-01-18T01:00:00Z,3,17.59,7.92
Provincial,Asturias,2026-01-18T02:00:00Z,2,0.65,0.65
Provincial,Asturias,2026-01-18T03:00:00Z,1,30.19,30.19
Provincial,Asturias,2026-01-18T05:00:00Z,1,39.81,39.81
Provincial,Asturias,2026-01-18T06:00:00Z,1,28.64,28.64
Provincial,Asturias,2026-01-18T07:00:00Z,2,27.65,27.65
Provincial,Asturias,2026-01-18T08:00:00Z,4,20.71,7.8100000000000005
Provincial,Asturias,2026-01-18T09:00:00Z,3,51.14333333333333,60.13
Provincial,Asturias,2026-01-18T10:00:00Z,5,7.752,1.71
Provincial,Asturias,2026-01-18T11:00:00Z,4,15.245,15.129999999999999
Provincial,Asturias,2026-01-18T12:00:00Z,10,5.393,2.835
Provincial,Asturias,2026-01-18T16:00:00Z,5,38.322,36.83
Provincial,Badajoz,2026-01-17T11:00:00Z,4,13.2775,11.785
Provincial,Badajoz,2026-01-17T12:00:00Z,3,21.85333333333333,24.02
Provincial,Badajoz,2026-01-17T13:00:00Z,1,18.6,18.6
Provincial,Badajoz,2026-01-17T20:00:00Z,5,13.904,2.34
Provincial,Badajoz,2026-01-17T21:00:00Z,4,3.5325,1.465
Provincial,Badajoz,2026-01-17T23:00:00Z,1,1.12,1.12
Provincial,Badajoz,2026-01-18T00:00:00Z,2,15.455,15.455
Provincial,Badajoz,2026-01-18T02:00:00Z,2,39.04,39.04
Provincial,Badajoz,2026-01-18T03:00:00Z,2,1.5,1.5
Provincial,Badajoz,2026-01-18T04:00:00Z,2,51.3,51.3
Provincial,Badajoz,2026-01-18T06:00:00Z,1,46.63,46.63
Provincial,Badajoz,2026-01-18T07:00:00Z,1,32.19,32.19
Provincial,Badajoz,2026-01-18T08:00:00Z,4,3.51,2.645
Provincial,Badajoz,2026-01-18T09:00:00Z,2,29.830000000000002,29.830000000000002
Provincial,Badajoz,2026-01-18T10:00:00Z,5,25.016,7.94
Provincial,Badajoz,2026-01-18T11:00:00Z,27,2.334814814814815,1.26
Provincial,Badajoz,2026-01-18T12:00:00Z,17,7.391176470588236,1.59
Provincial,Badajoz,2026-01-18T16:00:00Z,1,41.91,41.91
Provincial,Badajoz,2026-01-18T17:00:00Z,1,10.13,10.13
Provincial,Barcelona,2026-01-17T10:00:00Z,6,35.17166666666667,43.644999999999996
Provincial,Barcelona,2026-01-17T11:00:00Z,4,11.485,9.325
Provincial,Barcelona,2026-01-17T12:00:00Z,9,43.034444444444446,44.89
Provincial,Barcelona,2026-01-17T13:00:00Z,1,24.4,24.4
Provincial,Barcelona,2026-01-17T19:00:00Z,4,62.019999999999996,65.30499999999999
Provincial,Barcelona,2026-01-17T20:00:00Z,8,37.975,41.95
Provincial,Barcelona,2026-01-17T21:00:00Z,5,28.16,20.91
Provincial,Barcelona,2026-01-17T23:00:00Z,3,37.24333333333333,42.29
Provincial,Barcelona,2026-01-18T00:00:00Z,4,50.665000000000006,66.9
Provincial,Barcelona,2026-01-18T01:00:00Z,1,61.36,61.36
Provincial,Barcelona,2026-01-18T02:00:00Z,1,64.76,64.76
Provincial,Barcelona,2026-01-18T03:00:00Z,2,43.2,43.2
Provincial,Barcelona,2026-01-18T04:00:00Z,1,18.37,18.37
Provincial,Barcelona,2026-01-18T05:00:00Z,1,29.94,29.94
Provincial,Barcelona,2026-01-18T06:00:00Z,2,39.67,39.67
Provincial,Barcelona,2026-01-18T07:00:00Z,3,62.413333333333334,67.63
Provincial,Barcelona,2026-01-18T08:00:00Z,1,35.26,35.26
Provincial,Barcelona,2026-01-18T09:00:00Z,4,35.555,38.650000000000006
Provincial,Barcelona,2026-01-18T10:00:00Z,9,31.843333333333334,20.99
Provincial,Barcelona,2026-01-18T11:00:00Z,5,48.982,58.33
Provincial,Barcelona,2026-01-18T12:00:00Z,7,23.844285714285714,32.18
Provincial,Barcelona,2026-01-18T16:00:00Z,3,33.31,31.93
Provincial,Barcelona,2026-01-18T17:00:00Z,2,6.885000000000001,6.885000000000001
Provincial,Burgos,2026-01-17T10:00:00Z,5,19.164,16.89
Provincial,Burgos,2026-01-17T11:00:00Z,1,26.79,26.79
Provincial,Burgos,2026-01-17T12:00:00Z,4,9.5225,2.7
Provincial,Burgos,2026-01-17T13:00:00Z,2,22.755,22.755
Provincial,Burgos,2026-01-17T19:00:00Z,1,60.32,60.32
Provincial,Burgos,2026-01-17T20:00:00Z,3,35.05666666666667,19.41
Provincial,Burgos,2026-01-17T21:00:00Z,9,3.252222222222222,0.72
Provincial,Burgos,2026-01-17T22:00:00Z,2,46.855,46.855
Provincial,Burgos,2026-01-17T23:00:00Z,2,18.700000000000003,18.700000000000003
Provincial,Burgos,2026-01-18T00:00:00Z,3,10.94,13.12
Provincial,Burgos,2026-01-18T01:00:00Z,4,29.3775,20.015
Provincial,Burgos,2026-01-18T03:00:00Z,1,6.91,6.91
Provincial,Burgos,2026-01-18T08:00:00Z,2,64.56,64.56
Provincial,Burgos,2026-01-18T09:00:00Z,5,7.064,3.48
Provincial,Burgos,2026-01-18T10:00:00Z,2,26.150000000000002,26.150000000000002
Provincial,Burgos,2026-01-18T11:00:00Z,4,43.895,47.44
Provincial,Burgos,2026-01-18T12:00:00Z,8,7.505,3.84
Provincial,Burgos,2026-01-18T16:00:00Z,1,50.26,50.26
Provincial,Burgos,2026-01-18T17:00:00Z,3,8.363333333333333,10.09
Provincial,Cantabria,2026-01-17T10:00:00Z,3,31.873333333333335,16.1
Provincial,Cantabria,2026-01-17T11:00:00Z,13,16.82076923076923,16.89
Provincial,Cantabria,2026-01-17T12:00:00Z,8,30.92875,33.765
Provincial,Cantabria,2026-01-17T13:00:00Z,10,7.139,3.02
Provincial,Cantabria,2026-01-17T19:00:00Z,4,56.1725,63.370000000000005
Provincial,Cantabria,2026-01-17T20:00:00Z,22,11.413181818181817,2.725
Provincial,Cantabria,2026-01-17T21:00:00Z,9,3.9544444444444444,2.06
Provincial,Cantabria,2026-01-17T22:00:00Z,9,13.658888888888889,1.06
Provincial,Cantabria,2026-01-17T23:00:00Z,2,22.98,22.98
Provincial,Cantabria,2026-01-18T00:00:00Z,1,35.19,35.19
Provincial,Cantabria,2026-01-18T01:00:00Z,5,20.434,20.81
Provincial,Cantabria,2026-01-18T02:00:00Z,1,10.96,10.96
Provincial,Cantabria,2026-01-18T03:00:00Z,7,13.357142857142858,8.72
Provincial,Cantabria,2026-01-18T04:00:00Z,2,28.815,28.815
Provincial,Cantabria,2026-01-18T05:00:00Z,1,35.77,35.77
Provincial,Cantabria,2026-01-18T07:00:00Z,1,56.01,56.01
Provincial,Cantabria,2026-01-18T08:00:00Z,6,15.916666666666666,11.45
Provincial,Cantabria,2026-01-18T09:00:00Z,9,7.286666666666667,1.39
Provincial,Cantabria,2026-01-18T10:00:00Z,22,14.791818181818181,1.75
Provincial,Cantabria,2026-01-18T11:00:00Z,11,18.771818181818183,3.91
Provincial,Cantabria,2026-01-18T12:00:00Z,14,13.980714285714285,11.524999999999999
Provincial,Cantabria,2026-01-18T17:00:00Z,5,2.1559999999999997,2.23
Provincial,Castelló/Castellón,2026-01-17T11:00:00Z,2,12.535,12.535
Provincial,Castelló/Castellón,2026-01-17T12:00:00Z,1,23.62,23.62
Provincial,Castelló/Castellón,2026-01-17T13:00:00Z,2,25.055,25.055
Provincial,Castelló/Castellón,2026-01-17T19:00:00Z,1,64.56,64.56
Provincial,Castelló/Castellón,2026-01-17T20:00:00Z,4,17.82,20.064999999999998
Provincial,Castelló/Castellón,2026-01-17T21:00:00Z,13,12.722307692307693,5.69
Provincial,Castelló/Castellón,2026-01-17T22:00:00Z,6,20.816666666666666,7.495
Provincial,Castelló/Castellón,2026-01-17T23:00:00Z,2,32.88,32.88
Provincial,Castelló/Castellón,2026-01-18T00:00:00Z,7,14.125714285714286,5.24
Provincial,Castelló/Castellón,2026-01-18T01:00:00Z,4,18.09,10.27
Provincial,Castelló/Castellón,2026-01-18T02:00:00Z,3,21.400000000000002,9.94
Provincial,Castelló/Castellón,2026-01-18T03:00:00Z,1,1.19,1.19
Provincial,Castelló/Castellón,2026-01-18T04:00:00Z,1,3.92,3.92
Provincial,Castelló/Castellón,2026-01-18T05:00:00Z,2,53.415,53.415
Provincial,Castelló/Castellón,2026-01-18T06:00:00Z,1,10.31,10.31
Provincial,Castelló/Castellón,2026-01-18T07:00:00Z,12,3.0658333333333334,1.275
Provincial,Castelló/Castellón,2026-01-18T08:00:00Z,7,18.197142857142858,14.56
Provincial,Castelló/Castellón,2026-01-18T09:00:00Z,16,5.84375,1.855
Provincial,Castelló/Castellón,2026-01-18T10:00:00Z,14,9.174285714285714,4.325
Provincial,Castelló/Castellón,2026-01-18T11:00:00Z,10,8.035,1.06
Provincial,Castelló/Castellón,2026-01-18T12:00:00Z,10,6.806,3.885
Provincial,Castelló/Castellón,2026-01-18T16:00:00Z,1,15.71,15.71
Provincial,Castelló/Castellón,2026-01-18T17:00:00Z,1,12.93,12.93
Provincial,Ceuta,2026-01-17T20:00:00Z,1,13.76,13.76
Provincial,Ceuta,2026-01-18T11:00:00Z,1,1.93,1.93
Provincial,Ciudad Real,2026-01-17T10:00:00Z,2,39.3,39.3
Provincial,Ciudad Real,2026-01-17T11:00:00Z,3,10.41,9.57
Provincial,Ciudad Real,2026-01-17T12:00:00Z,2,44.53,44.53
Provincial,Ciudad Real,2026-01-17T13:00:00Z,1,17.55,17.55
Provincial,Ciudad Real,2026-01-17T19:00:00Z,4,49.1725,55.504999999999995
Provincial,Ciudad Real,2026-01-17T20:00:00Z,11,6.679090909090909,1.72
Provincial,Ciudad Real,2026-01-17T21:00:00Z,5,28.16,12.82
Provincial,Ciudad Real,2026-01-17T22:00:00Z,5,18.246000000000002,11.27
Provincial,Ciudad Real,2026-01-17T23:00:00Z,9,2.3177777777777777,1.84
Provincial,Ciudad Real,2026-01-18T00:00:00Z,1,0.66,0.66
Provincial,Ciudad Real,2026-01-18T01:00:00Z,2,0.635,0.635
Provincial,Ciudad Real,2026-01-18T04:00:00Z,1,13.86,13.86
Provincial,Ciudad Real,2026-01-18T06:00:00Z,3,61.94,61.33
Provincial,Ciudad Real,2026-01-18T08:00:00Z,3,1.5433333333333334,1.78
Provincial,Ciudad Real,2026-01-18T09:00:00Z,10,9.838000000000001,1.4100000000000001
Provincial,Ciudad Real,2026-01-18T10:00:00Z,2,1.585,1.585
Provincial,Ciudad Real,2026-01-18T11:00:00Z,18,8.262222222222222,1.48
Provincial,Ciudad Real,2026-01-18T12:00:00Z,11,12.462727272727273,6.08
Provincial,Cuenca,2026-01-17T10:00:00Z,1,11.9,11.9
Provincial,Cuenca,2026-01-17T11:00:00Z,8,14.8125,12.3
Provincial,Cuenca,2026-01-17T12:00:00Z,4,27.1825,31.945
Provincial,Cuenca,2026-01-17T13:00:00Z,2,20.83,20.83
Provincial,Cuenca,2026-01-17T19:00:00Z,1,34.32,34.32
Provincial,Cuenca,2026-01-17T20:00:00Z,6,5.785,4.69
Provincial,Cuenca,2026-01-17T21:00:00Z,3,4.32,1.86
Provincial,Cuenca,2026-01-17T22:00:00Z,1,62.22,62.22
Provincial,Cuenca,2026-01-17T23:00:00Z,1,62.67,62.67
Provincial,Cuenca,2026-01-18T01:00:00Z,7,15.512857142857143,1.09
Provincial,Cuenca,2026-01-18T02:00:00Z,4,10.4325,1.22
Provincial,Cuenca,2026-01-18T03:00:00Z,2,35.265,35.265
Provincial,Cuenca,2026-01-18T04:00:00Z,3,3.2333333333333334,0.22
Provincial,Cuenca,2026-01-18T06:00:00Z,2,9.73,9.73
Provincial,Cuenca,2026-01-18T09:00:00Z,4,22.0925,14.685
Provincial,Cuenca,2026-01-18T10:00:00Z,17,3.138235294117647,1.11
Provincial,Cuenca,2026-01-18T11:00:00Z,6,13.06,4.02
Provincial,Cuenca,2026-01-18T12:00:00Z,7,1.6199999999999999,1.03
Provincial,Cuenca,2026-01-18T16:00:00Z,1,63.74,63.74
Provincial,Cuenca,2026-01-18T17:00:00Z,2,4.745,4.745
Provincial,Cáceres,2026-01-17T12:00:00Z,4,17.9675,4.904999999999999
Provincial,Cáceres,2026-01-17T19:00:00Z,4,41.24,46.565
Provincial,Cáceres,2026-01-17T20:00:00Z,10,12.407,1.72
Provincial,Cáceres,2026-01-17T21:00:00Z,7,30.644285714285715,17.41
Provincial,Cáceres,2026-01-17T22:00:00Z,3,37.11666666666667,50.21
Provincial,Cáceres,2026-01-17T23:00:00Z,1,1.31,1.31
Provincial,Cáceres,2026-01-18T00:00:00Z,1,6.42,6.42
Provincial,Cáceres,2026-01-18T02:00:00Z,1,69.54,69.54
Provincial,Cáceres,2026-01-18T03:00:00Z,2,31.615000000000002,31.615000000000002
Provincial,Cáceres,2026-01-18T04:00:00Z,1,37.64,37.64
Provincial,Cáceres,2026-01-18T05:00:00Z,1,32.66,32.66
Provincial,Cáceres,2026-01-18T06:00:00Z,2,31.515,31.515
Provincial,Cáceres,2026-01-18T07:00:00Z,1,57.94,57.94
Provincial,Cáceres,2026-01-18T08:00:00Z,5,13.456,0.66
Provincial,Cáceres,2026-01-18T09:00:00Z,1,17.11,17.11
Provincial,Cáceres,2026-01-18T10:00:00Z,12,15.825,4.355
Provincial,Cáceres,2026-01-18T11:00:00Z,4,15.2325,11.625
Provincial,Cáceres,2026-01-18T12:00:00Z,6,12.603333333333333,12.85
Provincial,Cáceres,2026-01-18T16:00:00Z,5,34.608,38.44
Provincial,Cáceres,2026-01-18T17:00:00Z,3,4.116666666666666,1.49
Provincial,Cádiz,2026-01-17T10:00:00Z,3,43.31,49.54
Provincial,Cádiz,2026-01-17T11:00:00Z,10,8.222,3.62
Provincial,Cádiz,2026-01-17T12:00:00Z,3,35.10333333333333,30.72
Provincial,Cádiz,2026-01-17T13:00:00Z,5,14.341999999999999,12.37
Provincial,Cádiz,2026-01-17T19:00:00Z,2,59.69,59.69
Provincial,Cádiz,2026-01-17T20:00:00Z,9,31.40888888888889,31.76
Provincial,Cádiz,2026-01-17T21:00:00Z,7,31.08142857142857,28.84
Provincial,Cádiz,2026-01-17T22:00:00Z,5,26.605999999999998,10.81
Provincial,Cádiz,2026-01-17T23:00:00Z,9,8.405555555555555,1.51
Provincial,Cádiz,2026-01-18T00:00:00Z,6,50.555,62.7
Provincial,Cádiz,2026-01-18T02:00:00Z,1,64.74,64.74
Provincial,Cádiz,2026-01-18T03:00:00Z,1,31.07,31.07
Provincial,Cádiz,2026-01-18T05:00:00Z,1,1.61,1.61
Provincial,Cádiz,2026-01-18T06:00:00Z,2,51.36,51.36
Provincial,Cádiz,2026-01-18T07:00:00Z,1,0.66,0.66
Provincial,Cádiz,2026-01-18T08:00:00Z,4,20.1775,9.91
Provincial,Cádiz,2026-01-18T09:00:00Z,4,47.2775,52.845
Provincial,Cádiz,2026-01-18T10:00:00Z,7,30.88,32.38
Provincial,Cádiz,2026-01-18T11:00:00Z,15,14.246666666666666,5.36
Provincial,Cádiz,2026-01-18T12:00:00Z,17,8,1.73
Provincial,Cádiz,2026-01-18T16:00:00Z,2,31.18,31.18
Provincial,Cádiz,2026-01-18T17:00:00Z,1,0.29,0.29
Provincial,Córdoba,2026-01-17T10:00:00Z,1,56.55,56.55
Provincial,Córdoba,2026-01-17T11:00:00Z,11,12.694545454545455,8.89
Provincial,Córdoba,2026-01-17T12:00:00Z,4,29.19,29.57
Provincial,Córdoba,2026-01-17T13:00:00Z,4,3.4499999999999997,3.42
Provincial,Córdoba,2026-01-17T19:00:00Z,4,45.3375,42.275000000000006
Provincial,Córdoba,2026-01-17T20:00:00Z,12,3.9866666666666664,3.005
Provincial,Córdoba,2026-01-17T21:00:00Z,12,18.244166666666665,0.985
Provincial,Córdoba,2026-01-17T22:00:00Z,6,14.136666666666667,9.33
Provincial,Córdoba,2026-01-17T23:00:00Z,13,4.542307692307692,1.29
Provincial,Córdoba,2026-01-18T01:00:00Z,3,0.8833333333333333,0.64
Provincial,Córdoba,2026-01-18T02:00:00Z,6,4.488333333333333,0.63
Provincial,Córdoba,2026-01-18T03:00:00Z,7,12.139999999999999,1.07
Provincial,Córdoba,2026-01-18T04:00:00Z,1,4.59,4.59
Provincial,Córdoba,2026-01-18T05:00:00Z,1,7.79,7.79
Provincial,Córdoba,2026-01-18T06:00:00Z,2,55.995,55.995
Provincial,Córdoba,2026-01-18T07:00:00Z,3,19.493333333333332,14.94
Provincial,Córdoba,2026-01-18T08:00:00Z,7,27.552857142857142,25.59
Provincial,Córdoba,2026-01-18T09:00:00Z,14,13.522142857142859,1.43
Provincial,Córdoba,2026-01-18T10:00:00Z,23,6.439565217391304,1.71
Provincial,Córdoba,2026-01-18T11:00:00Z,19,8.932105263157894,1.73
Provincial,Córdoba,2026-01-18T12:00:00Z,18,10,3.665
Provincial,Córdoba,2026-01-18T16:00:00Z,1,58.78,58.78
Provincial,Córdoba,2026-01-18T17:00:00Z,3,3.9266666666666667,3.94
Provincial,Girona,2026-01-17T10:00:00Z,1,16.7,16.7
Provincial,Girona,2026-01-17T13:00:00Z,1,15.35,15.35
Provincial,Girona,2026-01-17T20:00:00Z,1,23.49,23.49
Provincial,Girona,2026-01-17T21:00:00Z,1,63.97,63.97
Provincial,Girona,2026-01-18T00:00:00Z,2,45.2,45.2
Provincial,Girona,2026-01-18T01:00:00Z,2,31.865000000000002,31.865000000000002
Provincial,Girona,2026-01-18T06:00:00Z,1,25.11,25.11
Provincial,Girona,2026-01-18T09:00:00Z,1,64.98,64.98
Provincial,Girona,2026-01-18T11:00:00Z,1,11.58,11.58
Provincial,Girona,2026-01-18T12:00:00Z,2,3.625,3.625
Provincial,Girona,2026-01-18T16:00:00Z,1,20.29,20.29
Provincial,Granada,2026-01-17T10:00:00Z,3,29.886666666666667,30.2
Provincial,Granada,2026-01-17T11:00:00Z,19,13.073157894736841,10.35
Provincial,Granada,2026-01-17T12:00:00Z,4,39.6025,37.32
Provincial,Granada,2026-01-17T13:00:00Z,11,6.299090909090909,1.44
Provincial,Granada,2026-01-17T19:00:00Z,4,62.445,62.14
Provincial,Granada,2026-01-17T20:00:00Z,14,6.551428571428572,1.5
Provincial,Granada,2026-01-17T21:00:00Z,9,7.904444444444445,1.09
Provincial,Granada,2026-01-17T22:00:00Z,7,6.531428571428571,0.42
Provincial,Granada,2026-01-17T23:00:00Z,3,24.96,12.19
Provincial,Granada,2026-01-18T00:00:00Z,3,14.32,1.96
Provincial,Granada,2026-01-18T01:00:00Z,7,10.25,1.67
Provincial,Granada,2026-01-18T02:00:00Z,1,0.81,0.81
Provincial,Granada,2026-01-18T03:00:00Z,2,28.09,28.09
Provincial,Granada,2026-01-18T04:00:00Z,4,14.735000000000001,4.65
Provincial,Granada,2026-01-18T05:00:00Z,9,0.9822222222222222,0.66
Provincial,Granada,2026-01-18T06:00:00Z,1,12.74,12.74
Provincial,Granada,2026-01-18T07:00:00Z,15,8.790666666666667,1.54
Provincial,Granada,2026-01-18T08:00:00Z,11,18.234545454545454,1.86
Provincial,Granada,2026-01-18T09:00:00Z,35,3.4765714285714284,1.06
Provincial,Granada,2026-01-18T10:00:00Z,37,7.541891891891892,1.54
Provincial,Granada,2026-01-18T11:00:00Z,29,12.117241379310345,3.18
Provincial,Granada,2026-01-18T12:00:00Z,25,7.904,1.73
Provincial,Granada,2026-01-18T16:00:00Z,5,33.232,33.46
Provincial,Granada,2026-01-18T17:00:00Z,2,4.98,4.98
Provincial,Guadalajara,2026-01-17T10:00:00Z,3,44.39333333333333,57.47
Provincial,Guadalajara,2026-01-17T11:00:00Z,4,10.705,5.609999999999999
Provincial,Guadalajara,2026-01-17T12:00:00Z,2,44.019999999999996,44.019999999999996
Provincial,Guadalajara,2026-01-17T13:00:00Z,6,10.433333333333334,7.9
Provincial,Guadalajara,2026-01-17T19:00:00Z,3,49.96,54.06
Provincial,Guadalajara,2026-01-17T20:00:00Z,3,12.836666666666666,15.16
Provincial,Guadalajara,2026-01-17T21:00:00Z,3,6.9,6.61
Provincial,Guadalajara,2026-01-18T00:00:00Z,3,1.0766666666666667,1.39
Provincial,Guadalajara,2026-01-18T02:00:00Z,1,11.21,11.21
Provincial,Guadalajara,2026-01-18T03:00:00Z,3,6.9366666666666665,9.01
Provincial,Guadalajara,2026-01-18T04:00:00Z,3,3.043333333333333,1.46
Provincial,Guadalajara,2026-01-18T09:00:00Z,2,6.1,6.1
Provincial,Guadalajara,2026-01-18T10:00:00Z,4,17.2425,18.41
Provincial,Guadalajara,2026-01-18T11:00:00Z,4,27.405,31.9
Provincial,Guadalajara,2026-01-18T12:00:00Z,3,8.35,9.56
Provincial,Huelva,2026-01-17T10:00:00Z,2,34.605000000000004,34.605000000000004
Provincial,Huelva,2026-01-17T11:00:00Z,6,10.07,7.9350000000000005
Provincial,Huelva,2026-01-17T12:00:00Z,6,40.065,39.894999999999996
Provincial,Huelva,2026-01-17T13:00:00Z,4,9.29,8.295
Provincial,Huelva,2026-01-17T20:00:00Z,7,12.404285714285715,2.02
Provincial,Huelva,2026-01-17T21:00:00Z,4,0.4575,0.355
Provincial,Huelva,2026-01-17T22:00:00Z,12,7.623333333333333,7.7299999999999995
Provincial,Huelva,2026-01-17T23:00:00Z,12,10.235833333333334,6.62
Provincial,Huelva,2026-01-18T00:00:00Z,4,10.795,6.835
Provincial,Huelva,2026-01-18T01:00:00Z,4,51.73500000000001,66.26
Provincial,Huelva,2026-01-18T02:00:00Z,4,13.4275,1.6
Provincial,Huelva,2026-01-18T03:00:00Z,5,17.625999999999998,9.59
Provincial,Huelva,2026-01-18T04:00:00Z,4,5,4.16
Provincial,Huelva,2026-01-18T05:00:00Z,2,61.55,61.55
Provincial,Huelva,2026-01-18T06:00:00Z,2,10.135000000000002,10.135000000000002
Provincial,Huelva,2026-01-18T07:00:00Z,4,21.305,9.96
Provincial,Huelva,2026-01-18T08:00:00Z,5,11.126,9.46
Provincial,Huelva,2026-01-18T09:00:00Z,8,24.135,1.54
Provincial,Huelva,2026-01-18T10:00:00Z,13,14.645384615384616,2.81
Provincial,Huelva,2026-01-18T11:00:00Z,25,12.0396,1.84
Provincial,Huelva,2026-01-18T12:00:00Z,11,10.062727272727273,1.73
Provincial,Huelva,2026-01-18T16:00:00Z,3,58.17666666666667,57.86
Provincial,Huelva,2026-01-18T17:00:00Z,2,5.75,5.75
Provincial,Huesca,2026-01-17T12:00:00Z,6,50.45,52.614999999999995
Provincial,Huesca,2026-01-17T13:00:00Z,1,14.99,14.99
Provincial,Huesca,2026-01-17T19:00:00Z,2,63.68000000000001,63.68000000000001
Provincial,Huesca,2026-01-17T20:00:00Z,1,42.92,42.92
Provincial,Huesca,2026-01-17T21:00:00Z,4,35.0075,33.75
Provincial,Huesca,2026-01-17T22:00:00Z,1,62.26,62.26
Provincial,Huesca,2026-01-17T23:00:00Z,1,13.61,13.61
Provincial,Huesca,2026-01-18T00:00:00Z,1,68.31,68.31
Provincial,Huesca,2026-01-18T01:00:00Z,6,33.72166666666667,35.015
Provincial,Huesca,2026-01-18T02:00:00Z,6,5.803333333333334,1.28
Provincial,Huesca,2026-01-18T03:00:00Z,3,0.53,0.34
Provincial,Huesca,2026-01-18T04:00:00Z,1,61.34,61.34
Provincial,Huesca,2026-01-18T05:00:00Z,2,34.339999999999996,34.339999999999996
Provincial,Huesca,2026-01-18T07:00:00Z,5,7.542,1.08
Provincial,Huesca,2026-01-18T08:00:00Z,9,5.914444444444444,7.36
Provincial,Huesca,2026-01-18T09:00:00Z,9,18.482222222222223,2.01
Provincial,Huesca,2026-01-18T10:00:00Z,5,19.854,24.33
Provincial,Huesca,2026-01-18T11:00:00Z,6,26.248333333333335,30.085
Provincial,Huesca,2026-01-18T12:00:00Z,6,20.455,13.86
Provincial,Huesca,2026-01-18T16:00:00Z,2,30.835,30.835
Provincial,Huesca,2026-01-18T17:00:00Z,1,7.79,7.79
Provincial,Illes Balears,2026-01-17T10:00:00Z,2,22.155,22.155
Provincial,Illes Balears,2026-01-17T11:00:00Z,11,20.75090909090909,18.95
Provincial,Illes Balears,2026-01-17T12:00:00Z,6,27.689999999999998,28.31
Provincial,Illes Balears,2026-01-17T13:00:00Z,6,7.795,8.7
Provincial,Illes Balears,2026-01-17T19:00:00Z,1,18.59,18.59
Provincial,Illes Balears,2026-01-17T20:00:00Z,5,30.906,25.77
Provincial,Illes Balears,2026-01-17T21:00:00Z,3,21.226666666666667,17.36
Provincial,Illes Balears,2026-01-17T22:00:00Z,4,16.77,7.54
Provincial,Illes Balears,2026-01-17T23:00:00Z,3,6.526666666666666,5.62
Provincial,Illes Balears,2026-01-18T01:00:00Z,10,8.543,6.59
Provincial,Illes Balears,2026-01-18T02:00:00Z,10,8.243,4.2
Provincial,Illes Balears,2026-01-18T03:00:00Z,2,21.525000000000002,21.525000000000002
Provincial,Illes Balears,2026-01-18T04:00:00Z,2,47.425,47.425
Provincial,Illes Balears,2026-01-18T05:00:00Z,3,35.973333333333336,42.81
Provincial,Illes Balears,2026-01-18T06:00:00Z,8,12.61,9.149999999999999
Provincial,Illes Balears,2026-01-18T07:00:00Z,9,19.898888888888887,11.34
Provincial,Illes Balears,2026-01-18T08:00:00Z,17,11.875882352941176,9.26
Provincial,Illes Balears,2026-01-18T09:00:00Z,12,11.816666666666666,13.309999999999999
Provincial,Illes Balears,2026-01-18T10:00:00Z,17,13.962941176470588,10.43
Provincial,Illes Balears,2026-01-18T11:00:00Z,16,23.8025,28.17
Provincial,Illes Balears,2026-01-18T12:00:00Z,17,14.638823529411765,7.61
Provincial,Illes Balears,2026-01-18T16:00:00Z,2,16.285,16.285
Provincial,Illes Balears,2026-01-18T17:00:00Z,1,4.91,4.91
Provincial,Jaén,2026-01-17T11:00:00Z,7,20.165714285714287,13.65
Provincial,Jaén,2026-01-17T12:00:00Z,2,31.435000000000002,31.435000000000002
Provincial,Jaén,2026-01-17T13:00:00Z,1,15.14,15.14
Provincial,Jaén,2026-01-17T19:00:00Z,1,40.76,40.76
Provincial,Jaén,2026-01-17T20:00:00Z,8,17.75,4.325
Provincial,Jaén,2026-01-17T21:00:00Z,5,28.198,12.46
Provincial,Jaén,2026-01-17T22:00:00Z,8,13.83125,3.805
Provincial,Jaén,2026-01-17T23:00:00Z,9,6.972222222222222,0.84
Provincial,Jaén,2026-01-18T00:00:00Z,9,5.131111111111111,1.04
Provincial,Jaén,2026-01-18T01:00:00Z,7,5.967142857142857,1.82
Provincial,Jaén,2026-01-18T05:00:00Z,3,2.6933333333333334,1.96
Provincial,Jaén,2026-01-18T06:00:00Z,10,1.623,1.415
Provincial,Jaén,2026-01-18T07:00:00Z,15,3.8233333333333333,1.36
Provincial,Jaén,2026-01-18T08:00:00Z,7,16.80857142857143,2.06
Provincial,Jaén,2026-01-18T09:00:00Z,12,8.0275,1.46
Provincial,Jaén,2026-01-18T10:00:00Z,27,4.161481481481482,1.54
Provincial,Jaén,2026-01-18T11:00:00Z,13,6.041538461538462,0.99
Provincial,Jaén,2026-01-18T12:00:00Z,11,3.4354545454545455,1.81
Provincial,Jaén,2026-01-18T17:00:00Z,1,11.33,11.33
Provincial,La Rioja,2026-01-17T11:00:00Z,1,7.02,7.02
Provincial,La Rioja,2026-01-17T12:00:00Z,2,32.05,32.05
Provincial,La Rioja,2026-01-17T13:00:00Z,1,7.77,7.77
Provincial,La Rioja,2026-01-18T06:00:00Z,1,58.64,58.64
Provincial,La Rioja,2026-01-18T07:00:00Z,2,4.485,4.485
Provincial,La Rioja,2026-01-18T08:00:00Z,3,34.586666666666666,25.04
Provincial,La Rioja,2026-01-18T09:00:00Z,12,10.455833333333334,3.02
Provincial,La Rioja,2026-01-18T10:00:00Z,1,0.06,0.06
Provincial,La Rioja,2026-01-18T11:00:00Z,3,3.2733333333333334,3.58
Provincial,La Rioja,2026-01-18T12:00:00Z,4,10.7775,7.37
Provincial,La Rioja,2026-01-18T17:00:00Z,1,12.34,12.34
Provincial,Las Palmas,2026-01-17T10:00:00Z,1,49.67,49.67
Provincial,Las Palmas,2026-01-17T11:00:00Z,2,6.345,6.345
Provincial,Las Palmas,2026-01-17T12:00:00Z,2,11.100000000000001,11.100000000000001
Provincial,Las Palmas,2026-01-17T13:00:00Z,6,8.291666666666668,5.985
Provincial,Las Palmas,2026-01-17T19:00:00Z,3,40.5,31.79
Provincial,Las Palmas,2026-01-17T20:00:00Z,10,19.337,17.439999999999998
Provincial,Las Palmas,2026-01-17T21:00:00Z,9,7.788888888888889,0.81
Provincial,Las Palmas,2026-01-17T22:00:00Z,14,10.545,1.23
Provincial,Las Palmas,2026-01-17T23:00:00Z,10,23.105999999999998,8.805
Provincial,Las Palmas,2026-01-18T00:00:00Z,4,19.915,15.955000000000002
Provincial,Las Palmas,2026-01-18T01:00:00Z,3,41.50666666666667,40.24
Provincial,Las Palmas,2026-01-18T02:00:00Z,2,12.915,12.915
Provincial,Las Palmas,2026-01-18T03:00:00Z,1,47.99,47.99
Provincial,Las Palmas,2026-01-18T06:00:00Z,4,31.535,28.400000000000002
Provincial,Las Palmas,2026-01-18T07:00:00Z,4,43.2375,50.06999999999999
Provincial,Las Palmas,2026-01-18T08:00:00Z,14,22.35,15.92
Provincial,Las Palmas,2026-01-18T09:00:00Z,9,21.912222222222223,13.91
Provincial,Las Palmas,2026-01-18T10:00:00Z,25,7.22,1.88
Provincial,Las Palmas,2026-01-18T11:00:00Z,16,11.66625,1.3900000000000001
Provincial,Las Palmas,2026-01-18T12:00:00Z,24,9.2425,6.845
Provincial,Las Palmas,2026-01-18T16:00:00Z,3,22.453333333333333,19.89
Provincial,Las Palmas,2026-01-18T17:00:00Z,4,5.359999999999999,5.66
Provincial,León,2026-01-17T10:00:00Z,5,42.266,49.64
Provincial,León,2026-01-17T11:00:00Z,6,11.11,5.7299999999999995
Provincial,León,2026-01-17T12:00:00Z,2,7.995,7.995
Provincial,León,2026-01-17T13:00:00Z,4,4.7075000000000005,5.0200000000000005
Provincial,León,2026-01-17T19:00:00Z,5,57.494,62.62
Provincial,León,2026-01-17T20:00:00Z,4,48.6425,44.32
Provincial,León,2026-01-17T21:00:00Z,12,21.190833333333334,3.64
Provincial,León,2026-01-17T22:00:00Z,15,20.76,5.97
Provincial,León,2026-01-17T23:00:00Z,7,35.52571428571429,14.14
Provincial,León,2026-01-18T00:00:00Z,1,67.11,67.11
Provincial,León,2026-01-18T01:00:00Z,2,67.2,67.2
Provincial,León,2026-01-18T02:00:00Z,3,32.86,36.07
Provincial,León,2026-01-18T03:00:00Z,1,39.17,39.17
Provincial,León,2026-01-18T06:00:00Z,2,30.195,30.195
Provincial,León,2026-01-18T07:00:00Z,4,13.29,1.345
Provincial,León,2026-01-18T08:00:00Z,1,30.66,30.66
Provincial,León,2026-01-18T09:00:00Z,10,4.242,1.075
Provincial,León,2026-01-18T10:00:00Z,2,31.715,31.715
Provincial,León,2026-01-18T11:00:00Z,2,23.05,23.05
Provincial,León,2026-01-18T12:00:00Z,1,0.83,0.83
Provincial,León,2026-01-18T16:00:00Z,2,60.915,60.915
Provincial,Lleida,2026-01-17T10:00:00Z,2,47.894999999999996,47.894999999999996
Provincial,Lleida,2026-01-17T11:00:00Z,3,30.11,13.47
Provincial,Lleida,2026-01-17T12:00:00Z,1,6.44,6.44
Provincial,Lleida,2026-01-17T13:00:00Z,1,26.29,26.29
Provincial,Lleida,2026-01-17T20:00:00Z,1,67.47,67.47
Provincial,Lleida,2026-01-17T21:00:00Z,2,34.54,34.54
Provincial,Lleida,2026-01-17T23:00:00Z,1,20.72,20.72
Provincial,Lleida,2026-01-18T02:00:00Z,2,8.100000000000001,8.100000000000001
Provincial,Lleida,2026-01-18T03:00:00Z,1,52.76,52.76
Provincial,Lleida,2026-01-18T08:00:00Z,1,21.98,21.98
Provincial,Lleida,2026-01-18T10:00:00Z,1,61.29,61.29
Provincial,Lleida,2026-01-18T12:00:00Z,3,7.57,1.31
Provincial,Lleida,2026-01-18T17:00:00Z,2,1.925,1.925
Provincial,Lugo,2026-01-17T10:00:00Z,3,50.24,50.57
Provincial,Lugo,2026-01-17T11:00:00Z,1,5.84,5.84
Provincial,Lugo,2026-01-17T12:00:00Z,1,17.59,17.59
Provincial,Lugo,2026-01-17T13:00:00Z,6,19.036666666666665,22.955
Provincial,Lugo,2026-01-17T19:00:00Z,4,39.5475,34.7
Provincial,Lugo,2026-01-17T20:00:00Z,7,26.335714285714285,17.37
Provincial,Lugo,2026-01-17T21:00:00Z,7,31.422857142857143,22.16
Provincial,Lugo,2026-01-17T22:00:00Z,2,36.865,36.865
Provincial,Lugo,2026-01-17T23:00:00Z,3,43.54666666666667,48.91
Provincial,Lugo,2026-01-18T00:00:00Z,1,8.34,8.34
Provincial,Lugo,2026-01-18T01:00:00Z,1,69.11,69.11
Provincial,Lugo,2026-01-18T02:00:00Z,4,11.79,9.865
Provincial,Lugo,2026-01-18T03:00:00Z,2,11.365,11.365
Provincial,Lugo,2026-01-18T04:00:00Z,6,9.928333333333333,10.265
Provincial,Lugo,2026-01-18T05:00:00Z,4,8.955,9.045
Provincial,Lugo,2026-01-18T07:00:00Z,2,7.985,7.985
Provincial,Lugo,2026-01-18T08:00:00Z,2,26.265,26.265
Provincial,Lugo,2026-01-18T09:00:00Z,8,21.335,13.39
Provincial,Lugo,2026-01-18T10:00:00Z,5,34.57,29.18
Provincial,Lugo,2026-01-18T11:00:00Z,6,37.24,33.71
Provincial,Lugo,2026-01-18T12:00:00Z,15,8.248,2.11
Provincial,Lugo,2026-01-18T16:00:00Z,3,35.516666666666666,26.44
Provincial,Madrid,2026-01-17T10:00:00Z,19,28.647368421052633,23.12
Provincial,Madrid,2026-01-17T11:00:00Z,43,12.52720930232558,10.77
Provincial,Madrid,2026-01-17T12:00:00Z,31,33.97354838709678,33.89
Provincial,Madrid,2026-01-17T13:00:00Z,32,17.055,18.705
Provincial,Madrid,2026-01-17T19:00:00Z,24,37.3775,33
Provincial,Madrid,2026-01-17T20:00:00Z,63,21.71063492063492,17.39
Provincial,Madrid,2026-01-17T21:00:00Z,69,18.328260869565216,10.67
Provincial,Madrid,2026-01-17T22:00:00Z,63,14.155714285714286,8.47
Provincial,Madrid,2026-01-17T23:00:00Z,35,16.888285714285715,7.96
Provincial,Madrid,2026-01-18T00:00:00Z,47,13.019574468085107,6.76
Provincial,Madrid,2026-01-18T01:00:00Z,37,15.181891891891892,6.44
Provincial,Madrid,2026-01-18T02:00:00Z,47,11.963617021276596,5.97
Provincial,Madrid,2026-01-18T03:00:00Z,27,15.072222222222223,6.99
Provincial,Madrid,2026-01-18T04:00:00Z,40,13.5945,8.455
Provincial,Madrid,2026-01-18T05:00:00Z,50,14.6824,5.54
Provincial,Madrid,2026-01-18T06:00:00Z,36,12.380277777777778,9.879999999999999
Provincial,Madrid,2026-01-18T07:00:00Z,39,9.064615384615385,2.09
Provincial,Madrid,2026-01-18T08:00:00Z,47,15.747872340425532,9.38
Provincial,Madrid,2026-01-18T09:00:00Z,66,16.367575757575757,10.965
Provincial,Madrid,2026-01-18T10:00:00Z,56,24.694464285714286,24.365000000000002
Provincial,Madrid,2026-01-18T11:00:00Z,84,29.03154761904762,30.67
Provincial,Madrid,2026-01-18T12:00:00Z,62,16.995483870967742,12.55
Provincial,Madrid,2026-01-18T16:00:00Z,15,30.224,19.91
Provincial,Madrid,2026-01-18T17:00:00Z,4,4.3875,4.285
Provincial,Murcia,2026-01-17T10:00:00Z,2,39.42,39.42
Provincial,Murcia,2026-01-17T11:00:00Z,9,10.492222222222221,1.22
Provincial,Murcia,2026-01-17T12:00:00Z,6,24.599999999999998,23.92
Provincial,Murcia,2026-01-17T13:00:00Z,8,2.6437500000000003,1.5150000000000001
Provincial,Murcia,2026-01-17T19:00:00Z,3,54.233333333333334,64.67
Provincial,Murcia,2026-01-17T20:00:00Z,11,15.153636363636362,8.94
Provincial,Murcia,2026-01-17T21:00:00Z,12,20.979166666666668,14.059999999999999
Provincial,Murcia,2026-01-17T22:00:00Z,16,7.949375,0.79
Provincial,Murcia,2026-01-17T23:00:00Z,10,2.4979999999999998,2.03
Provincial,Murcia,2026-01-18T00:00:00Z,4,27.34,22.790000000000003
Provincial,Murcia,2026-01-18T01:00:00Z,9,6.84,1.66
Provincial,Murcia,2026-01-18T02:00:00Z,7,20.67142857142857,10.07
Provincial,Murcia,2026-01-18T03:00:00Z,1,45.72,45.72
Provincial,Murcia,2026-01-18T04:00:00Z,2,55.64,55.64
Provincial,Murcia,2026-01-18T05:00:00Z,1,41.07,41.07
Provincial,Murcia,2026-01-18T06:00:00Z,5,22.330000000000002,9.12
Provincial,Murcia,2026-01-18T07:00:00Z,15,7.096666666666667,1.91
Provincial,Murcia,2026-01-18T08:00:00Z,18,10.399444444444445,1.775
Provincial,Murcia,2026-01-18T09:00:00Z,17,11.935882352941176,0.94
Provincial,Murcia,2026-01-18T10:00:00Z,16,21.433125,15.3
Provincial,Murcia,2026-01-18T11:00:00Z,12,12.939166666666667,3.5549999999999997
Provincial,Murcia,2026-01-18T12:00:00Z,13,9.21923076923077,1.49
Provincial,Murcia,2026-01-18T16:00:00Z,3,25.706666666666667,22.73
Provincial,Murcia,2026-01-18T17:00:00Z,3,5.663333333333333,4.89
Provincial,Málaga,2026-01-17T10:00:00Z,3,31.89,28.4
Provincial,Málaga,2026-01-17T11:00:00Z,13,15.596153846153847,13.24
Provincial,Málaga,2026-01-17T12:00:00Z,8,24.2925,11.21
Provincial,Málaga,2026-01-17T13:00:00Z,10,7.7589999999999995,5.775
Provincial,Málaga,2026-01-17T19:00:00Z,9,40.02444444444444,30.49
Provincial,Málaga,2026-01-17T20:00:00Z,25,14.84,16.07
Provincial,Málaga,2026-01-17T21:00:00Z,24,22.026666666666667,14.64
Provincial,Málaga,2026-01-17T22:00:00Z,9,29.98111111111111,18.27
Provincial,Málaga,2026-01-17T23:00:00Z,7,22.31142857142857,8.37
Provincial,Málaga,2026-01-18T00:00:00Z,6,22.571666666666665,9.725
Provincial,Málaga,2026-01-18T01:00:00Z,7,37.238571428571426,39.22
Provincial,Málaga,2026-01-18T02:00:00Z,11,22.933636363636364,23.14
Provincial,Málaga,2026-01-18T03:00:00Z,5,5.752,3.57
Provincial,Málaga,2026-01-18T04:00:00Z,5,5.912,4.41
Provincial,Málaga,2026-01-18T05:00:00Z,3,28.156666666666666,10.14
Provincial,Málaga,2026-01-18T06:00:00Z,2,4.26,4.26
Provincial,Málaga,2026-01-18T07:00:00Z,6,14.673333333333332,10.52
Provincial,Málaga,2026-01-18T08:00:00Z,2,15.395,15.395
Provincial,Málaga,2026-01-18T09:00:00Z,9,9.753333333333334,11.58
Provincial,Málaga,2026-01-18T10:00:00Z,15,24.489333333333335,25.56
Provincial,Málaga,2026-01-18T11:00:00Z,28,14.513214285714286,2.65
Provincial,Málaga,2026-01-18T12:00:00Z,20,11.035499999999999,5.725
Provincial,Málaga,2026-01-18T16:00:00Z,4,31.217499999999998,27.65
Provincial,Málaga,2026-01-18T17:00:00Z,2,7.515000000000001,7.515000000000001
Provincial,Navarra,2026-01-17T10:00:00Z,1,44.95,44.95
Provincial,Navarra,2026-01-17T11:00:00Z,2,25.97,25.97
Provincial,Navarra,2026-01-17T12:00:00Z,7,18.744285714285716,15.77
Provincial,Navarra,2026-01-17T13:00:00Z,4,9.3125,8.065000000000001
Provincial,Navarra,2026-01-17T19:00:00Z,2,45.754999999999995,45.754999999999995
Provincial,Navarra,2026-01-17T20:00:00Z,5,23.384,29.54
Provincial,Navarra,2026-01-17T21:00:00Z,7,35.238571428571426,45.16
Provincial,Navarra,2026-01-17T22:00:00Z,3,32.61666666666667,35.39
Provincial,Navarra,2026-01-17T23:00:00Z,1,50.69,50.69
Provincial,Navarra,2026-01-18T00:00:00Z,2,7.93,7.93
Provincial,Navarra,2026-01-18T01:00:00Z,1,43.72,43.72
Provincial,Navarra,2026-01-18T02:00:00Z,1,58.02,58.02
Provincial,Navarra,2026-01-18T04:00:00Z,1,49.04,49.04
Provincial,Navarra,2026-01-18T05:00:00Z,1,32.97,32.97
Provincial,Navarra,2026-01-18T07:00:00Z,1,3.24,3.24
Provincial,Navarra,2026-01-18T08:00:00Z,2,1.11,1.11
Provincial,Navarra,2026-01-18T10:00:00Z,4,13.3775,13.035
Provincial,Navarra,2026-01-18T11:00:00Z,15,10.480666666666666,2.01
Provincial,Navarra,2026-01-18T12:00:00Z,7,4.142857142857143,1.91
Provincial,Navarra,2026-01-18T16:00:00Z,3,34.730000000000004,32.84
Provincial,Navarra,2026-01-18T17:00:00Z,2,6.885,6.885
Provincial,Ourense,2026-01-17T10:00:00Z,1,34.4,34.4
Provincial,Ourense,2026-01-17T11:00:00Z,5,16.4,19.57
Provincial,Ourense,2026-01-17T13:00:00Z,4,12.997499999999999,9.91
Provincial,Ourense,2026-01-17T20:00:00Z,5,15.366,1.94
Provincial,Ourense,2026-01-17T21:00:00Z,2,42.1,42.1
Provincial,Ourense,2026-01-17T22:00:00Z,3,52.78,65.01
Provincial,Ourense,2026-01-18T00:00:00Z,3,21.689999999999998,17.37
Provincial,Ourense,2026-01-18T01:00:00Z,3,6.43,5.56
Provincial,Ourense,2026-01-18T02:00:00Z,2,42.989999999999995,42.989999999999995
Provincial,Ourense,2026-01-18T03:00:00Z,3,49.906666666666666,58.29
Provincial,Ourense,2026-01-18T04:00:00Z,3,39.410000000000004,32.32
Provincial,Ourense,2026-01-18T05:00:00Z,4,13.98,6.335
Provincial,Ourense,2026-01-18T06:00:00Z,1,66.29,66.29
Provincial,Ourense,2026-01-18T08:00:00Z,4,31,30.92
Provincial,Ourense,2026-01-18T09:00:00Z,1,65.44,65.44
Provincial,Ourense,2026-01-18T10:00:00Z,2,3.335,3.335
Provincial,Ourense,2026-01-18T11:00:00Z,2,47.79,47.79
Provincial,Ourense,2026-01-18T12:00:00Z,4,25.857499999999998,28.21
Provincial,Ourense,2026-01-18T17:00:00Z,2,0.905,0.905
Provincial,Palencia,2026-01-17T10:00:00Z,1,51.95,51.95
Provincial,Palencia,2026-01-17T11:00:00Z,2,14.085,14.085
Provincial,Palencia,2026-01-17T12:00:00Z,1,10.07,10.07
Provincial,Palencia,2026-01-17T13:00:00Z,5,3.646,1.35
Provincial,Palencia,2026-01-17T20:00:00Z,1,33.72,33.72
Provincial,Palencia,2026-01-18T02:00:00Z,2,25.575000000000003,25.575000000000003
Provincial,Palencia,2026-01-18T07:00:00Z,1,30.79,30.79
Provincial,Palencia,2026-01-18T10:00:00Z,4,7.1475,1.77
Provincial,Palencia,2026-01-18T11:00:00Z,7,13.975714285714286,4.23
Provincial,Palencia,2026-01-18T12:00:00Z,1,23.68,23.68
Provincial,Palencia,2026-01-18T17:00:00Z,2,3.755,3.755
Provincial,Pontevedra,2026-01-17T10:00:00Z,3,33.02333333333333,18.15
Provincial,Pontevedra,2026-01-17T11:00:00Z,10,26.026,32.144999999999996
Provincial,Pontevedra,2026-01-17T12:00:00Z,8,42.29375,49.13
Provincial,Pontevedra,2026-01-17T13:00:00Z,6,11.549999999999999,12.31
Provincial,Pontevedra,2026-01-17T19:00:00Z,5,61.302,66.87
Provincial,Pontevedra,2026-01-17T20:00:00Z,17,21.62,15.17
Provincial,Pontevedra,2026-01-17T21:00:00Z,10,17.22,4.18
Provincial,Pontevedra,2026-01-17T22:00:00Z,7,20.871428571428574,1.97
Provincial,Pontevedra,2026-01-17T23:00:00Z,9,22.04888888888889,12.76
Provincial,Pontevedra,2026-01-18T00:00:00Z,1,64.44,64.44
Provincial,Pontevedra,2026-01-18T01:00:00Z,3,17.68,7.76
Provincial,Pontevedra,2026-01-18T02:00:00Z,1,11.67,11.67
Provincial,Pontevedra,2026-01-18T03:00:00Z,1,28.74,28.74
Provincial,Pontevedra,2026-01-18T04:00:00Z,2,24.395,24.395
Provincial,Pontevedra,2026-01-18T05:00:00Z,1,64.51,64.51
Provincial,Pontevedra,2026-01-18T06:00:00Z,8,19.895,1.615
Provincial,Pontevedra,2026-01-18T07:00:00Z,7,17.315714285714286,13.31
Provincial,Pontevedra,2026-01-18T08:00:00Z,4,37.5775,32.92
Provincial,Pontevedra,2026-01-18T09:00:00Z,5,20.692,13.26
Provincial,Pontevedra,2026-01-18T10:00:00Z,6,44.38833333333333,54.345
Provincial,Pontevedra,2026-01-18T11:00:00Z,22,16.09590909090909,5.77
Provincial,Pontevedra,2026-01-18T12:00:00Z,14,5.87,1.5
Provincial,Pontevedra,2026-01-18T16:00:00Z,1,28.48,28.48
Provincial,Pontevedra,2026-01-18T17:00:00Z,5,7.522,7.93
Provincial,Salamanca,2026-01-17T10:00:00Z,1,35.54,35.54
Provincial,Salamanca,2026-01-17T11:00:00Z,1,10.3,10.3
Provincial,Salamanca,2026-01-17T12:00:00Z,2,58.67,58.67
Provincial,Salamanca,2026-01-17T13:00:00Z,4,9.8875,8.295
Provincial,Salamanca,2026-01-17T19:00:00Z,1,62.69,62.69
Provincial,Salamanca,2026-01-17T20:00:00Z,7,17.564285714285713,1.21
Provincial,Salamanca,2026-01-17T21:00:00Z,3,0.74,0.36
Provincial,Salamanca,2026-01-17T22:00:00Z,4,16.7575,15.41
Provincial,Salamanca,2026-01-18T00:00:00Z,3,11.833333333333332,0.82
Provincial,Salamanca,2026-01-18T01:00:00Z,1,1.62,1.62
Provincial,Salamanca,2026-01-18T04:00:00Z,2,34.275,34.275
Provincial,Salamanca,2026-01-18T05:00:00Z,1,66.41,66.41
Provincial,Salamanca,2026-01-18T10:00:00Z,9,8.195555555555556,1.61
Provincial,Salamanca,2026-01-18T11:00:00Z,2,17.175,17.175
Provincial,Salamanca,2026-01-18T12:00:00Z,4,9.4375,3.02
Provincial,Salamanca,2026-01-18T16:00:00Z,1,15.68,15.68
Provincial,Salamanca,2026-01-18T17:00:00Z,2,2.3850000000000002,2.3850000000000002
Provincial,Santa Cruz de Tenerife,2026-01-17T10:00:00Z,5,29.486,28.74
Provincial,Santa Cruz de Tenerife,2026-01-17T11:00:00Z,10,17.011,19.310000000000002
Provincial,Santa Cruz de Tenerife,2026-01-17T12:00:00Z,6,22.775,16.645
Provincial,Santa Cruz de Tenerife,2026-01-17T13:00:00Z,8,14.6625,10.76
Provincial,Santa Cruz de Tenerife,2026-01-17T19:00:00Z,4,40.665,45.24
Provincial,Santa Cruz de Tenerife,2026-01-17T20:00:00Z,12,16.868333333333332,17.205
Provincial,Santa Cruz de Tenerife,2026-01-17T21:00:00Z,11,32.331818181818186,13.46
Provincial,Santa Cruz de Tenerife,2026-01-17T22:00:00Z,9,11.061111111111112,9.17
Provincial,Santa Cruz de Tenerife,2026-01-17T23:00:00Z,8,12.2075,9.094999999999999
Provincial,Santa Cruz de Tenerife,2026-01-18T01:00:00Z,3,12.389999999999999,3.17
Provincial,Santa Cruz de Tenerife,2026-01-18T02:00:00Z,1,1.21,1.21
Provincial,Santa Cruz de Tenerife,2026-01-18T03:00:00Z,1,7.72,7.72
Provincial,Santa Cruz de Tenerife,2026-01-18T06:00:00Z,3,4.546666666666667,3.01
Provincial,Santa Cruz de Tenerife,2026-01-18T07:00:00Z,5,27.338,9.69
Provincial,Santa Cruz de Tenerife,2026-01-18T08:00:00Z,11,33.985454545454544,21.54
Provincial,Santa Cruz de Tenerife,2026-01-18T09:00:00Z,12,12.97,6.415
Provincial,Santa Cruz de Tenerife,2026-01-18T10:00:00Z,12,19.414166666666667,25.744999999999997
Provincial,Santa Cruz de Tenerife,2026-01-18T11:00:00Z,21,25.386666666666667,17.51
Provincial,Santa Cruz de Tenerife,2026-01-18T12:00:00Z,16,13.33625,6.74
Provincial,Santa Cruz de Tenerife,2026-01-18T16:00:00Z,2,17.665,17.665
Provincial,Santa Cruz de Tenerife,2026-01-18T17:00:00Z,4,4.32,2.045
Provincial,Segovia,2026-01-17T10:00:00Z,2,39.31,39.31
Provincial,Segovia,2026-01-17T11:00:00Z,5,15.608,13.99
Provincial,Segovia,2026-01-17T13:00:00Z,4,16.8875,19.994999999999997
Provincial,Segovia,2026-01-17T20:00:00Z,1,35.34,35.34
Provincial,Segovia,2026-01-17T22:00:00Z,3,6.363333333333333,5.09
Provincial,Segovia,2026-01-18T02:00:00Z,1,8.21,8.21
Provincial,Segovia,2026-01-18T03:00:00Z,1,1.79,1.79
Provincial,Segovia,2026-01-18T04:00:00Z,2,31.395,31.395
Provincial,Segovia,2026-01-18T05:00:00Z,1,44.17,44.17
Provincial,Segovia,2026-01-18T06:00:00Z,1,0.81,0.81
Provincial,Segovia,2026-01-18T07:00:00Z,3,6.62,3.09
Provincial,Segovia,2026-01-18T08:00:00Z,10,3.507,1.325
Provincial,Segovia,2026-01-18T09:00:00Z,5,8.192,4.06
Provincial,Segovia,2026-01-18T10:00:00Z,15,7.032,1.91
Provincial,Segovia,2026-01-18T11:00:00Z,16,16.855625,4.625
Provincial,Segovia,2026-01-18T12:00:00Z,10,8.476,6.86
Provincial,Segovia,2026-01-18T16:00:00Z,1,38.46,38.46
Provincial,Segovia,2026-01-18T17:00:00Z,1,1.91,1.91
Provincial,Sevilla,2026-01-17T10:00:00Z,4,34.5475,35.61
Provincial,Sevilla,2026-01-17T11:00:00Z,10,16.892,14.27
Provincial,Sevilla,2026-01-17T12:00:00Z,8,24.650000000000002,9.165000000000001
Provincial,Sevilla,2026-01-17T13:00:00Z,13,11.096923076923078,9.62
Provincial,Sevilla,2026-01-17T19:00:00Z,3,36.22,21.27
Provincial,Sevilla,2026-01-17T20:00:00Z,6,14.081666666666667,13.785
Provincial,Sevilla,2026-01-17T21:00:00Z,11,17.896363636363635,1.86
Provincial,Sevilla,2026-01-17T22:00:00Z,9,17.52777777777778,7.92
Provincial,Sevilla,2026-01-17T23:00:00Z,24,14.629166666666666,6.355
Provincial,Sevilla,2026-01-18T00:00:00Z,7,28.531428571428574,6.79
Provincial,Sevilla,2026-01-18T01:00:00Z,2,8.22,8.22
Provincial,Sevilla,2026-01-18T02:00:00Z,3,22.376666666666665,5.46
Provincial,Sevilla,2026-01-18T03:00:00Z,8,37.3725,37.644999999999996
Provincial,Sevilla,2026-01-18T04:00:00Z,6,19.965,17.665
Provincial,Sevilla,2026-01-18T05:00:00Z,1,62.17,62.17
Provincial,Sevilla,2026-01-18T06:00:00Z,3,36.836666666666666,32.74
Provincial,Sevilla,2026-01-18T07:00:00Z,13,17.290769230769232,11.16
Provincial,Sevilla,2026-01-18T08:00:00Z,7,20.178571428571427,10.29
Provincial,Sevilla,2026-01-18T09:00:00Z,14,22.835714285714285,12.27
Provincial,Sevilla,2026-01-18T10:00:00Z,22,15.144545454545455,13.71
Provincial,Sevilla,2026-01-18T11:00:00Z,24,21.199166666666667,29.835
Provincial,Sevilla,2026-01-18T12:00:00Z,24,8.166666666666666,3.04
Provincial,Sevilla,2026-01-18T16:00:00Z,2,42.11,42.11
Provincial,Sevilla,2026-01-18T17:00:00Z,4,3.1375,2.68
Provincial,Soria,2026-01-17T11:00:00Z,2,1.645,1.645
Provincial,Soria,2026-01-17T13:00:00Z,1,0.82,0.82
Provincial,Soria,2026-01-17T20:00:00Z,4,6.31,5.09
Provincial,Soria,2026-01-17T21:00:00Z,5,4.28,3.17
Provincial,Soria,2026-01-17T23:00:00Z,1,1.56,1.56
Provincial,Soria,2026-01-18T00:00:00Z,1,54.42,54.42
Provincial,Soria,2026-01-18T07:00:00Z,1,43.68,43.68
Provincial,Soria,2026-01-18T08:00:00Z,1,27.59,27.59
Provincial,Soria,2026-01-18T09:00:00Z,1,61.34,61.34
Provincial,Soria,2026-01-18T10:00:00Z,3,15.096666666666666,1.71
Provincial,Soria,2026-01-18T12:00:00Z,5,3.776,1.54
Provincial,Soria,2026-01-18T16:00:00Z,1,53.01,53.01
Provincial,Tarragona,2026-01-17T10:00:00Z,2,49.92,49.92
Provincial,Tarragona,2026-01-17T11:00:00Z,2,27.72,27.72
Provincial,Tarragona,2026-01-17T12:00:00Z,5,38.122,41.3
Provincial,Tarragona,2026-01-17T13:00:00Z,1,17.02,17.02
Provincial,Tarragona,2026-01-17T19:00:00Z,1,49.87,49.87
Provincial,Tarragona,2026-01-17T20:00:00Z,1,35.42,35.42
Provincial,Tarragona,2026-01-17T21:00:00Z,3,33.69,33.64
Provincial,Tarragona,2026-01-17T23:00:00Z,1,66.44,66.44
Provincial,Tarragona,2026-01-18T00:00:00Z,1,57.66,57.66
Provincial,Tarragona,2026-01-18T01:00:00Z,2,33.695,33.695
Provincial,Tarragona,2026-01-18T02:00:00Z,1,5.34,5.34
Provincial,Tarragona,2026-01-18T03:00:00Z,2,36.84,36.84
Provincial,Tarragona,2026-01-18T04:00:00Z,1,3.22,3.22
Provincial,Tarragona,2026-01-18T05:00:00Z,2,26.515,26.515
Provincial,Tarragona,2026-01-18T06:00:00Z,2,40.71,40.71
Provincial,Tarragona,2026-01-18T07:00:00Z,3,44.46,63.34
Provincial,Tarragona,2026-01-18T08:00:00Z,4,44.11,54.285
Provincial,Tarragona,2026-01-18T10:00:00Z,2,35.985,35.985
Provincial,Tarragona,2026-01-18T11:00:00Z,4,32.2125,29.5
Provincial,Tarragona,2026-01-18T12:00:00Z,1,28.66,28.66
Provincial,Tarragona,2026-01-18T16:00:00Z,1,48.86,48.86
Provincial,Tarragona,2026-01-18T17:00:00Z,1,2.53,2.53
Provincial,Teruel,2026-01-17T10:00:00Z,1,47.95,47.95
Provincial,Teruel,2026-01-17T11:00:00Z,3,12.983333333333333,11.17
Provincial,Teruel,2026-01-17T13:00:00Z,2,6.085,6.085
Provincial,Teruel,2026-01-17T19:00:00Z,1,33.91,33.91
Provincial,Teruel,2026-01-17T20:00:00Z,1,13.49,13.49
Provincial,Teruel,2026-01-17T23:00:00Z,1,0.47,0.47
Provincial,Teruel,2026-01-18T00:00:00Z,9,5.711111111111111,1.27
Provincial,Teruel,2026-01-18T07:00:00Z,1,17.31,17.31
Provincial,Teruel,2026-01-18T08:00:00Z,3,0.52,0.49
Provincial,Teruel,2026-01-18T09:00:00Z,6,4.876666666666667,1.6099999999999999
Provincial,Teruel,2026-01-18T10:00:00Z,3,10.426666666666666,8.64
Provincial,Teruel,2026-01-18T11:00:00Z,1,9.81,9.81
Provincial,Teruel,2026-01-18T12:00:00Z,3,15.190000000000001,14.88
Provincial,Toledo,2026-01-17T10:00:00Z,5,36.25,30.67
Provincial,Toledo,2026-01-17T11:00:00Z,15,24.419999999999998,21.87
Provincial,Toledo,2026-01-17T12:00:00Z,6,28.465,29.885
Provincial,Toledo,2026-01-17T13:00:00Z,6,20.095,22.03
Provincial,Toledo,2026-01-17T19:00:00Z,7,37.72714285714286,24.34
Provincial,Toledo,2026-01-17T20:00:00Z,19,29.076315789473686,17.71
Provincial,Toledo,2026-01-17T21:00:00Z,32,10.9275,10.48
Provincial,Toledo,2026-01-17T22:00:00Z,25,14.9336,8.81
Provincial,Toledo,2026-01-17T23:00:00Z,14,24.39857142857143,11.74
Provincial,Toledo,2026-01-18T00:00:00Z,19,25.017894736842106,12.06
Provincial,Toledo,2026-01-18T01:00:00Z,18,18.002777777777776,7.0649999999999995
Provincial,Toledo,2026-01-18T02:00:00Z,2,35.435,35.435
Provincial,Toledo,2026-01-18T03:00:00Z,3,7.59,9.27
Provincial,Toledo,2026-01-18T04:00:00Z,10,5.632,5.03
Provincial,Toledo,2026-01-18T05:00:00Z,7,18.56857142857143,4.54
Provincial,Toledo,2026-01-18T06:00:00Z,10,14.01,4.140000000000001
Provincial,Toledo,2026-01-18T07:00:00Z,7,20.46,20.54
Provincial,Toledo,2026-01-18T08:00:00Z,7,47.215714285714284,63.24
Provincial,Toledo,2026-01-18T09:00:00Z,12,13.6225,12.415
Provincial,Toledo,2026-01-18T10:00:00Z,19,26.650526315789474,24.13
Provincial,Toledo,2026-01-18T11:00:00Z,23,26.651304347826088,29.64
Provincial,Toledo,2026-01-18T12:00:00Z,24,8.922916666666667,3.025
Provincial,Toledo,2026-01-18T16:00:00Z,2,27.09,27.09
Provincial,Toledo,2026-01-18T17:00:00Z,3,9.033333333333333,8.73
Provincial,Valladolid,2026-01-17T10:00:00Z,1,19.37,19.37
Provincial,Valladolid,2026-01-17T11:00:00Z,3,4.576666666666667,5.54
Provincial,Valladolid,2026-01-17T12:00:00Z,2,13.969999999999999,13.969999999999999
Provincial,Valladolid,2026-01-17T13:00:00Z,4,16.0525,16.31
Provincial,Valladolid,2026-01-17T19:00:00Z,2,66.405,66.405
Provincial,Valladolid,2026-01-17T20:00:00Z,10,10.334,2.38
Provincial,Valladolid,2026-01-17T21:00:00Z,16,7.970625,1.615
Provincial,Valladolid,2026-01-17T22:00:00Z,2,14.875,14.875
Provincial,Valladolid,2026-01-18T00:00:00Z,1,41.46,41.46
Provincial,Valladolid,2026-01-18T01:00:00Z,1,35.17,35.17
Provincial,Valladolid,2026-01-18T02:00:00Z,1,58.76,58.76
Provincial,Valladolid,2026-01-18T03:00:00Z,1,7.29,7.29
Provincial,Valladolid,2026-01-18T07:00:00Z,4,1.135,1.12
Provincial,Valladolid,2026-01-18T08:00:00Z,8,7.83375,1.35
Provincial,Valladolid,2026-01-18T09:00:00Z,9,4.478888888888889,1.64
Provincial,Valladolid,2026-01-18T10:00:00Z,10,6.3229999999999995,2.225
Provincial,Valladolid,2026-01-18T11:00:00Z,16,6.359375,1.895
Provincial,Valladolid,2026-01-18T12:00:00Z,20,7.257499999999999,1.5
Provincial,Valladolid,2026-01-18T16:00:00Z,1,24.34,24.34
Provincial,Valladolid,2026-01-18T17:00:00Z,5,7.0120000000000005,7.23
Provincial,València/Valencia,2026-01-17T10:00:00Z,6,32.843333333333334,26.445
Provincial,València/Valencia,2026-01-17T11:00:00Z,21,15.769047619047619,13.42
Provincial,València/Valencia,2026-01-17T12:00:00Z,10,31.256,31.755000000000003
Provincial,València/Valencia,2026-01-17T13:00:00Z,14,16.082142857142856,20.715
Provincial,València/Valencia,2026-01-17T19:00:00Z,4,45.9525,50.53
Provincial,València/Valencia,2026-01-17T20:00:00Z,18,22.96666666666667,16.715
Provincial,València/Valencia,2026-01-17T21:00:00Z,13,25.75076923076923,14.44
Provincial,València/Valencia,2026-01-17T22:00:00Z,15,17.605333333333334,8.81
Provincial,València/Valencia,2026-01-17T23:00:00Z,17,14.338235294117647,6.62
Provincial,València/Valencia,2026-01-18T00:00:00Z,7,21.56,11.91
Provincial,València/Valencia,2026-01-18T01:00:00Z,5,13.462,8.22
Provincial,València/Valencia,2026-01-18T02:00:00Z,4,34.0075,34.035
Provincial,València/Valencia,2026-01-18T03:00:00Z,8,15.18375,10.05
Provincial,València/Valencia,2026-01-18T04:00:00Z,9,14.276666666666666,10.21
Provincial,València/Valencia,2026-01-18T05:00:00Z,2,49.125,49.125
Provincial,València/Valencia,2026-01-18T06:00:00Z,8,13.92625,5.98
Provincial,València/Valencia,2026-01-18T07:00:00Z,13,24.2,12.88
Provincial,València/Valencia,2026-01-18T08:00:00Z,15,15.318,1.58
Provincial,València/Valencia,2026-01-18T09:00:00Z,16,13.503125,3.52
Provincial,València/Valencia,2026-01-18T10:00:00Z,21,24.95904761904762,25.73
Provincial,València/Valencia,2026-01-18T11:00:00Z,18,17.183888888888887,8.38
Provincial,València/Valencia,2026-01-18T12:00:00Z,31,10.660322580645161,4.73
Provincial,València/Valencia,2026-01-18T16:00:00Z,3,22.39666666666667,23.19
Provincial,València/Valencia,2026-01-18T17:00:00Z,2,2.215,2.215
Provincial,Zamora,2026-01-17T10:00:00Z,2,18.005,18.005
Provincial,Zamora,2026-01-17T11:00:00Z,2,31.68,31.68
Provincial,Zamora,2026-01-17T12:00:00Z,1,38.77,38.77
Provincial,Zamora,2026-01-17T13:00:00Z,2,6.705,6.705
Provincial,Zamora,2026-01-17T19:00:00Z,1,63.97,63.97
Provincial,Zamora,2026-01-17T20:00:00Z,4,0.595,0.575
Provincial,Zamora,2026-01-17T21:00:00Z,5,17.07,1.31
Provincial,Zamora,2026-01-17T22:00:00Z,1,1.32,1.32
Provincial,Zamora,2026-01-18T00:00:00Z,1,54.54,54.54
Provincial,Zamora,2026-01-18T02:00:00Z,1,62.72,62.72
Provincial,Zamora,2026-01-18T07:00:00Z,6,1.355,1.4849999999999999
Provincial,Zamora,2026-01-18T08:00:00Z,7,0.9157142857142857,0.84
Provincial,Zamora,2026-01-18T09:00:00Z,1,0.16,0.16
Provincial,Zamora,2026-01-18T10:00:00Z,3,15.656666666666666,0.93
Provincial,Zamora,2026-01-18T11:00:00Z,6,11.768333333333334,1.3599999999999999
Provincial,Zamora,2026-01-18T12:00:00Z,2,16.265,16.265
Provincial,Zamora,2026-01-18T16:00:00Z,1,38.78,38.78
Provincial,Zamora,2026-01-18T17:00:00Z,1,3.03,3.03
Provincial,Zaragoza,2026-01-17T10:00:00Z,1,54.6,54.6
Provincial,Zaragoza,2026-01-17T11:00:00Z,6,16.356666666666666,17.93
Provincial,Zaragoza,2026-01-17T12:00:00Z,4,37.4625,40.945
Provincial,Zaragoza,2026-01-17T13:00:00Z,8,16.82375,21.86
Provincial,Zaragoza,2026-01-17T19:00:00Z,3,35.026666666666664,20.14
Provincial,Zaragoza,2026-01-17T20:00:00Z,13,31.777692307692305,16.91
Provincial,Zaragoza,2026-01-17T21:00:00Z,15,18.651333333333334,9.44
Provincial,Zaragoza,2026-01-17T22:00:00Z,13,4.627692307692308,1.76
Provincial,Zaragoza,2026-01-17T23:00:00Z,13,7.799230769230769,1.01
Provincial,Zaragoza,2026-01-18T00:00:00Z,2,38.300000000000004,38.300000000000004
Provincial,Zaragoza,2026-01-18T01:00:00Z,2,13.274999999999999,13.274999999999999
Provincial,Zaragoza,2026-01-18T03:00:00Z,8,23.3975,6.5600000000000005
Provincial,Zaragoza,2026-01-18T04:00:00Z,1,68.22,68.22
Provincial,Zaragoza,2026-01-18T05:00:00Z,2,36.225,36.225
Provincial,Zaragoza,2026-01-18T06:00:00Z,4,7.2775,7.039999999999999
Provincial,Zaragoza,2026-01-18T07:00:00Z,4,25.4075,13.61
Provincial,Zaragoza,2026-01-18T08:00:00Z,14,17.138571428571428,10.66
Provincial,Zaragoza,2026-01-18T09:00:00Z,11,9.754545454545454,1.34
Provincial,Zaragoza,2026-01-18T10:00:00Z,2,7.055,7.055
Provincial,Zaragoza,2026-01-18T11:00:00Z,5,24.759999999999998,30.99
Provincial,Zaragoza,2026-01-18T12:00:00Z,7,17.45,11.98
Provincial,Zaragoza,2026-01-18T16:00:00Z,1,20.51,20.51
Provincial,Ávila,2026-01-17T10:00:00Z,1,65.15,65.15
Provincial,Ávila,2026-01-17T11:00:00Z,3,1.8033333333333335,2.02
Provincial,Ávila,2026-01-17T19:00:00Z,1,65.47,65.47
Provincial,Ávila,2026-01-17T20:00:00Z,9,1.882222222222222,1.47
Provincial,Ávila,2026-01-17T21:00:00Z,3,20.563333333333333,0.51
Provincial,Ávila,2026-01-17T22:00:00Z,4,16.5275,0.94
Provincial,Ávila,2026-01-17T23:00:00Z,1,55.57,55.57
Provincial,Ávila,2026-01-18T03:00:00Z,4,5.945,3.19
Provincial,Ávila,2026-01-18T06:00:00Z,1,61.98,61.98
Provincial,Ávila,2026-01-18T07:00:00Z,1,16.79,16.79
Provincial,Ávila,2026-01-18T08:00:00Z,6,1.0333333333333334,1.3399999999999999
Provincial,Ávila,2026-01-18T09:00:00Z,3,23.520000000000003,1.64
Provincial,Ávila,2026-01-18T10:00:00Z,3,9.066666666666666,3.03
Provincial,Ávila,2026-01-18T11:00:00Z,5,12.046000000000001,0.91
Provincial,Ávila,2026-01-18T12:00:00Z,4,1.505,1.565
Provincial,Ávila,2026-01-18T16:00:00Z,1,29.88,29.88
Provincial,Ávila,2026-01-18T17:00:00Z,1,3.28,3.28
